"id","file","bytes"
"10122","C:\DowagerMod\CoreFiles\Sid Meier's Civilization IV Beyond the Sword\Beyond the Sword\Assets\Art\Leaderheads\new_leaderheads\10122-17744-geronimo.zip","4779768"
"10123","C:\DowagerMod\CoreFiles\Sid Meier's Civilization IV Beyond the Sword\Beyond the Sword\Assets\Art\Leaderheads\new_leaderheads\10123-18119-mursilis.zip","2536412"
"10125","C:\DowagerMod\CoreFiles\Sid Meier's Civilization IV Beyond the Sword\Beyond the Sword\Assets\Art\Leaderheads\new_leaderheads\10125-19082-arnold.zip","5588038"
"10260","C:\DowagerMod\CoreFiles\Sid Meier's Civilization IV Beyond the Sword\Beyond the Sword\Assets\Art\Leaderheads\new_leaderheads\10260-49393-venice_v3.rar","5485146"
"10314","C:\DowagerMod\CoreFiles\Sid Meier's Civilization IV Beyond the Sword\Beyond the Sword\Assets\Art\Leaderheads\new_leaderheads\10314-27462-davis_v3.zip","3502285"
"10315","C:\DowagerMod\CoreFiles\Sid Meier's Civilization IV Beyond the Sword\Beyond the Sword\Assets\Art\Leaderheads\new_leaderheads\10315-27217-pachacuti.zip","2976247"
"10316","C:\DowagerMod\CoreFiles\Sid Meier's Civilization IV Beyond the Sword\Beyond the Sword\Assets\Art\Leaderheads\new_leaderheads\10316-27202-smokejaguar.zip","6472299"
"10317","C:\DowagerMod\CoreFiles\Sid Meier's Civilization IV Beyond the Sword\Beyond the Sword\Assets\Art\Leaderheads\new_leaderheads\10317-27406-kingdavid.zip","3396232"
"10361","C:\DowagerMod\CoreFiles\Sid Meier's Civilization IV Beyond the Sword\Beyond the Sword\Assets\Art\Leaderheads\new_leaderheads\10361-1418-amenhotepiii.7z","1390916"
"10365","C:\DowagerMod\CoreFiles\Sid Meier's Civilization IV Beyond the Sword\Beyond the Sword\Assets\Art\Leaderheads\new_leaderheads\10365-94480-hitler_5.7z","985627"
"10537","C:\DowagerMod\CoreFiles\Sid Meier's Civilization IV Beyond the Sword\Beyond the Sword\Assets\Art\Leaderheads\new_leaderheads\10537-88146-metternich.rar","6149915"
"10538","C:\DowagerMod\CoreFiles\Sid Meier's Civilization IV Beyond the Sword\Beyond the Sword\Assets\Art\Leaderheads\new_leaderheads\10538-88306-lee.rar","2244066"
"10539","C:\DowagerMod\CoreFiles\Sid Meier's Civilization IV Beyond the Sword\Beyond the Sword\Assets\Art\Leaderheads\new_leaderheads\10539-88425-napoleoniii.rar","2785197"
"10540","C:\DowagerMod\CoreFiles\Sid Meier's Civilization IV Beyond the Sword\Beyond the Sword\Assets\Art\Leaderheads\new_leaderheads\10540-88504-jackson.rar","3007977"
"10562","C:\DowagerMod\CoreFiles\Sid Meier's Civilization IV Beyond the Sword\Beyond the Sword\Assets\Art\Leaderheads\new_leaderheads\10562-76780-chavez.7z","887089"
"10576","C:\DowagerMod\CoreFiles\Sid Meier's Civilization IV Beyond the Sword\Beyond the Sword\Assets\Art\Leaderheads\new_leaderheads\10576-48352-chiang_kai_shek.7z","589234"
"10727","C:\DowagerMod\CoreFiles\Sid Meier's Civilization IV Beyond the Sword\Beyond the Sword\Assets\Art\Leaderheads\new_leaderheads\10727-72710-abubakr.rar","3062639"
"10729","C:\DowagerMod\CoreFiles\Sid Meier's Civilization IV Beyond the Sword\Beyond the Sword\Assets\Art\Leaderheads\new_leaderheads\10729-73129-stonewall.rar","2201849"
"10730","C:\DowagerMod\CoreFiles\Sid Meier's Civilization IV Beyond the Sword\Beyond the Sword\Assets\Art\Leaderheads\new_leaderheads\10730-73325-o_higgins.rar","4232594"
"10731","C:\DowagerMod\CoreFiles\Sid Meier's Civilization IV Beyond the Sword\Beyond the Sword\Assets\Art\Leaderheads\new_leaderheads\10731-73628-mariatheresa.rar","1941043"
"10806","C:\DowagerMod\CoreFiles\Sid Meier's Civilization IV Beyond the Sword\Beyond the Sword\Assets\Art\Leaderheads\new_leaderheads\10806-40841-reagan.zip","2644344"
"11043","C:\DowagerMod\CoreFiles\Sid Meier's Civilization IV Beyond the Sword\Beyond the Sword\Assets\Art\Leaderheads\new_leaderheads\11043-8529-aminazazzua_v1.rar","4743515"
"11060","C:\DowagerMod\CoreFiles\Sid Meier's Civilization IV Beyond the Sword\Beyond the Sword\Assets\Art\Leaderheads\new_leaderheads\11060-65638-elcid_v1.rar","1992326"
"11061","C:\DowagerMod\CoreFiles\Sid Meier's Civilization IV Beyond the Sword\Beyond the Sword\Assets\Art\Leaderheads\new_leaderheads\11061-92933-xerxes_v1.rar","2795125"
"11067","C:\DowagerMod\CoreFiles\Sid Meier's Civilization IV Beyond the Sword\Beyond the Sword\Assets\Art\Leaderheads\new_leaderheads\11067-3733-franz_v1.rar","1826617"
"11097","C:\DowagerMod\CoreFiles\Sid Meier's Civilization IV Beyond the Sword\Beyond the Sword\Assets\Art\Leaderheads\new_leaderheads\11097-64260-mary_qos_finished.7z","560929"
"11105","C:\DowagerMod\CoreFiles\Sid Meier's Civilization IV Beyond the Sword\Beyond the Sword\Assets\Art\Leaderheads\new_leaderheads\11105-42723-samo.zip","2230178"
"11115","C:\DowagerMod\CoreFiles\Sid Meier's Civilization IV Beyond the Sword\Beyond the Sword\Assets\Art\Leaderheads\new_leaderheads\11115-63212-selim.zip","2249050"
"11125","C:\DowagerMod\CoreFiles\Sid Meier's Civilization IV Beyond the Sword\Beyond the Sword\Assets\Art\Leaderheads\new_leaderheads\11125-99396-janis_cakste.zip","2513652"
"11162","C:\DowagerMod\CoreFiles\Sid Meier's Civilization IV Beyond the Sword\Beyond the Sword\Assets\Art\Leaderheads\new_leaderheads\11162-25186-gorbachev.zip","1206422"
"11237","C:\DowagerMod\CoreFiles\Sid Meier's Civilization IV Beyond the Sword\Beyond the Sword\Assets\Art\Leaderheads\new_leaderheads\11237-48062-lh_sejong.zip","3276966"
"11302","C:\DowagerMod\CoreFiles\Sid Meier's Civilization IV Beyond the Sword\Beyond the Sword\Assets\Art\Leaderheads\new_leaderheads\11302-76808-berlusconi.zip","8497611"
"11312","C:\DowagerMod\CoreFiles\Sid Meier's Civilization IV Beyond the Sword\Beyond the Sword\Assets\Art\Leaderheads\new_leaderheads\11312-28219-nicholas_sarkozy.zip","2754681"
"11352","C:\DowagerMod\CoreFiles\Sid Meier's Civilization IV Beyond the Sword\Beyond the Sword\Assets\Art\Leaderheads\new_leaderheads\11352-75566-richelieu.rar","4308851"
"11419","C:\DowagerMod\CoreFiles\Sid Meier's Civilization IV Beyond the Sword\Beyond the Sword\Assets\Art\Leaderheads\new_leaderheads\11419-81781-marquis.zip","2525096"
"11442","C:\DowagerMod\CoreFiles\Sid Meier's Civilization IV Beyond the Sword\Beyond the Sword\Assets\Art\Leaderheads\new_leaderheads\11442-64235-cixi_v1.rar","2511162"
"11452","C:\DowagerMod\CoreFiles\Sid Meier's Civilization IV Beyond the Sword\Beyond the Sword\Assets\Art\Leaderheads\new_leaderheads\11452-81729-curtin_v2.rar","1286621"
"11474","C:\DowagerMod\CoreFiles\Sid Meier's Civilization IV Beyond the Sword\Beyond the Sword\Assets\Art\Leaderheads\new_leaderheads\11474-60991-bolivar_v3.rar","1660372"
"11524","C:\DowagerMod\CoreFiles\Sid Meier's Civilization IV Beyond the Sword\Beyond the Sword\Assets\Art\Leaderheads\new_leaderheads\11524-4237-johandewitt.rar","2913356"
"11525","C:\DowagerMod\CoreFiles\Sid Meier's Civilization IV Beyond the Sword\Beyond the Sword\Assets\Art\Leaderheads\new_leaderheads\11525-15480-philippii.rar","2271361"
"11528","C:\DowagerMod\CoreFiles\Sid Meier's Civilization IV Beyond the Sword\Beyond the Sword\Assets\Art\Leaderheads\new_leaderheads\11528-49796-marcos_v1.rar","1196032"
"11545","C:\DowagerMod\CoreFiles\Sid Meier's Civilization IV Beyond the Sword\Beyond the Sword\Assets\Art\Leaderheads\new_leaderheads\11545-38166-agust_n.zip","3225041"
"11639","C:\DowagerMod\CoreFiles\Sid Meier's Civilization IV Beyond the Sword\Beyond the Sword\Assets\Art\Leaderheads\new_leaderheads\11639-23825-nefertitiv2.rar","3426035"
"11667","C:\DowagerMod\CoreFiles\Sid Meier's Civilization IV Beyond the Sword\Beyond the Sword\Assets\Art\Leaderheads\new_leaderheads\11667-22667-huitzilopochtli.rar","3475408"
"11678","C:\DowagerMod\CoreFiles\Sid Meier's Civilization IV Beyond the Sword\Beyond the Sword\Assets\Art\Leaderheads\new_leaderheads\11678-88499-putin_v3.rar","6220608"
"11713","C:\DowagerMod\CoreFiles\Sid Meier's Civilization IV Beyond the Sword\Beyond the Sword\Assets\Art\Leaderheads\new_leaderheads\11713-27270-harold.zip","3662171"
"11732","C:\DowagerMod\CoreFiles\Sid Meier's Civilization IV Beyond the Sword\Beyond the Sword\Assets\Art\Leaderheads\new_leaderheads\11732-91360-christian.rar","4481255"
"11733","C:\DowagerMod\CoreFiles\Sid Meier's Civilization IV Beyond the Sword\Beyond the Sword\Assets\Art\Leaderheads\new_leaderheads\11733-91568-dufour.rar","3782138"
"11734","C:\DowagerMod\CoreFiles\Sid Meier's Civilization IV Beyond the Sword\Beyond the Sword\Assets\Art\Leaderheads\new_leaderheads\11734-91886-dusan.rar","7812855"
"11735","C:\DowagerMod\CoreFiles\Sid Meier's Civilization IV Beyond the Sword\Beyond the Sword\Assets\Art\Leaderheads\new_leaderheads\11735-92095-gustav.rar","5003304"
"11736","C:\DowagerMod\CoreFiles\Sid Meier's Civilization IV Beyond the Sword\Beyond the Sword\Assets\Art\Leaderheads\new_leaderheads\11736-92423-kekkonen.rar","1849522"
"11738","C:\DowagerMod\CoreFiles\Sid Meier's Civilization IV Beyond the Sword\Beyond the Sword\Assets\Art\Leaderheads\new_leaderheads\11738-93009-stambolov.rar","3739175"
"11746","C:\DowagerMod\CoreFiles\Sid Meier's Civilization IV Beyond the Sword\Beyond the Sword\Assets\Art\Leaderheads\new_leaderheads\11746-63722-menes.zip","3413337"
"11768","C:\DowagerMod\CoreFiles\Sid Meier's Civilization IV Beyond the Sword\Beyond the Sword\Assets\Art\Leaderheads\new_leaderheads\11768-89891-cersobleptes.rar","6873500"
"11769","C:\DowagerMod\CoreFiles\Sid Meier's Civilization IV Beyond the Sword\Beyond the Sword\Assets\Art\Leaderheads\new_leaderheads\11769-7041-lmm.rar","3697850"
"11770","C:\DowagerMod\CoreFiles\Sid Meier's Civilization IV Beyond the Sword\Beyond the Sword\Assets\Art\Leaderheads\new_leaderheads\11770-7429-tlo.rar","1849231"
"11771","C:\DowagerMod\CoreFiles\Sid Meier's Civilization IV Beyond the Sword\Beyond the Sword\Assets\Art\Leaderheads\new_leaderheads\11771-7717-cochise.rar","4189357"
"11773","C:\DowagerMod\CoreFiles\Sid Meier's Civilization IV Beyond the Sword\Beyond the Sword\Assets\Art\Leaderheads\new_leaderheads\11773-8420-sennacherib.rar","5196991"
"11873","C:\DowagerMod\CoreFiles\Sid Meier's Civilization IV Beyond the Sword\Beyond the Sword\Assets\Art\Leaderheads\new_leaderheads\11873-26782-robert_bruce_gabihime.zip","3250242"
"11966","C:\DowagerMod\CoreFiles\Sid Meier's Civilization IV Beyond the Sword\Beyond the Sword\Assets\Art\Leaderheads\new_leaderheads\11966-1032-hans.zip","3101216"
"12147","C:\DowagerMod\CoreFiles\Sid Meier's Civilization IV Beyond the Sword\Beyond the Sword\Assets\Art\Leaderheads\new_leaderheads\12147-94006-robert.7z","1673616"
"12201","C:\DowagerMod\CoreFiles\Sid Meier's Civilization IV Beyond the Sword\Beyond the Sword\Assets\Art\Leaderheads\new_leaderheads\12201-90739-owain.7z","1382382"
"12379","C:\DowagerMod\CoreFiles\Sid Meier's Civilization IV Beyond the Sword\Beyond the Sword\Assets\Art\Leaderheads\new_leaderheads\12379-2144-hitler.rar","7307704"
"12412","C:\DowagerMod\CoreFiles\Sid Meier's Civilization IV Beyond the Sword\Beyond the Sword\Assets\Art\Leaderheads\new_leaderheads\12412-57466-hiawathafinal.rar","4361957"
"12575","C:\DowagerMod\CoreFiles\Sid Meier's Civilization IV Beyond the Sword\Beyond the Sword\Assets\Art\Leaderheads\new_leaderheads\12575-80813-byzleader.rar","6044505"
"12627","C:\DowagerMod\CoreFiles\Sid Meier's Civilization IV Beyond the Sword\Beyond the Sword\Assets\Art\Leaderheads\new_leaderheads\12627-15705-teddyr.rar","1574873"
"12691","C:\DowagerMod\CoreFiles\Sid Meier's Civilization IV Beyond the Sword\Beyond the Sword\Assets\Art\Leaderheads\new_leaderheads\12691-53657-newgreeks.rar","5024863"
"12727","C:\DowagerMod\CoreFiles\Sid Meier's Civilization IV Beyond the Sword\Beyond the Sword\Assets\Art\Leaderheads\new_leaderheads\12727-23733-alexander_take_this_firaxis.rar","9455178"
"12892","C:\DowagerMod\CoreFiles\Sid Meier's Civilization IV Beyond the Sword\Beyond the Sword\Assets\Art\Leaderheads\new_leaderheads\12892-51740-ablay_khan.zip","3051714"
"12893","C:\DowagerMod\CoreFiles\Sid Meier's Civilization IV Beyond the Sword\Beyond the Sword\Assets\Art\Leaderheads\new_leaderheads\12893-54326-shaybani.zip","4285793"
"12894","C:\DowagerMod\CoreFiles\Sid Meier's Civilization IV Beyond the Sword\Beyond the Sword\Assets\Art\Leaderheads\new_leaderheads\12894-52898-itzcoatl.zip","4404900"
"12895","C:\DowagerMod\CoreFiles\Sid Meier's Civilization IV Beyond the Sword\Beyond the Sword\Assets\Art\Leaderheads\new_leaderheads\12895-52172-boru.zip","3812639"
"12971","C:\DowagerMod\CoreFiles\Sid Meier's Civilization IV Beyond the Sword\Beyond the Sword\Assets\Art\Leaderheads\new_leaderheads\12971-54760-vasa.zip","3220229"
"12977","C:\DowagerMod\CoreFiles\Sid Meier's Civilization IV Beyond the Sword\Beyond the Sword\Assets\Art\Leaderheads\new_leaderheads\12977-64092-ashurbanipal.rar","4196440"
"12980","C:\DowagerMod\CoreFiles\Sid Meier's Civilization IV Beyond the Sword\Beyond the Sword\Assets\Art\Leaderheads\new_leaderheads\12980-63636-kucan.rar","2477486"
"12990","C:\DowagerMod\CoreFiles\Sid Meier's Civilization IV Beyond the Sword\Beyond the Sword\Assets\Art\Leaderheads\new_leaderheads\12990-77810-houston.zip","3353474"
"12996","C:\DowagerMod\CoreFiles\Sid Meier's Civilization IV Beyond the Sword\Beyond the Sword\Assets\Art\Leaderheads\new_leaderheads\12996-32197-maister.rar","6181285"
"13006","C:\DowagerMod\CoreFiles\Sid Meier's Civilization IV Beyond the Sword\Beyond the Sword\Assets\Art\Leaderheads\new_leaderheads\13006-86021-austin2.zip","4635117"
"13014","C:\DowagerMod\CoreFiles\Sid Meier's Civilization IV Beyond the Sword\Beyond the Sword\Assets\Art\Leaderheads\new_leaderheads\13014-35906-perry.zip","4519945"
"13082","C:\DowagerMod\CoreFiles\Sid Meier's Civilization IV Beyond the Sword\Beyond the Sword\Assets\Art\Leaderheads\new_leaderheads\13082-15632-menelik_ii.rar","3989180"
"13091","C:\DowagerMod\CoreFiles\Sid Meier's Civilization IV Beyond the Sword\Beyond the Sword\Assets\Art\Leaderheads\new_leaderheads\13091-41791-leopoldo_galtieri.rar","918024"
"13092","C:\DowagerMod\CoreFiles\Sid Meier's Civilization IV Beyond the Sword\Beyond the Sword\Assets\Art\Leaderheads\new_leaderheads\13092-20519-francisco_franco_v2.rar","1453040"
"13151","C:\DowagerMod\CoreFiles\Sid Meier's Civilization IV Beyond the Sword\Beyond the Sword\Assets\Art\Leaderheads\new_leaderheads\13151-53537-henriquethenavigator.zip","3913730"
"13248","C:\DowagerMod\CoreFiles\Sid Meier's Civilization IV Beyond the Sword\Beyond the Sword\Assets\Art\Leaderheads\new_leaderheads\13248-60976-akhenaten.rar","4603085"
"13257","C:\DowagerMod\CoreFiles\Sid Meier's Civilization IV Beyond the Sword\Beyond the Sword\Assets\Art\Leaderheads\new_leaderheads\13257-60472-yu.rar","3550440"
"13271","C:\DowagerMod\CoreFiles\Sid Meier's Civilization IV Beyond the Sword\Beyond the Sword\Assets\Art\Leaderheads\new_leaderheads\13271-39425-jimmu.rar","2300971"
"13275","C:\DowagerMod\CoreFiles\Sid Meier's Civilization IV Beyond the Sword\Beyond the Sword\Assets\Art\Leaderheads\new_leaderheads\13275-47146-cromwell.zip","1975496"
"13302","C:\DowagerMod\CoreFiles\Sid Meier's Civilization IV Beyond the Sword\Beyond the Sword\Assets\Art\Leaderheads\new_leaderheads\13302-37297-suntzu.rar","2042326"
"13318","C:\DowagerMod\CoreFiles\Sid Meier's Civilization IV Beyond the Sword\Beyond the Sword\Assets\Art\Leaderheads\new_leaderheads\13318-25233-agamemnonv2.rar","4766604"
"13398","C:\DowagerMod\CoreFiles\Sid Meier's Civilization IV Beyond the Sword\Beyond the Sword\Assets\Art\Leaderheads\new_leaderheads\13398-73036-dangun.rar","1489382"
"13427","C:\DowagerMod\CoreFiles\Sid Meier's Civilization IV Beyond the Sword\Beyond the Sword\Assets\Art\Leaderheads\new_leaderheads\13427-77338-modu.rar","3698440"
"13458","C:\DowagerMod\CoreFiles\Sid Meier's Civilization IV Beyond the Sword\Beyond the Sword\Assets\Art\Leaderheads\new_leaderheads\13458-70456-william.rar","7850368"
"13459","C:\DowagerMod\CoreFiles\Sid Meier's Civilization IV Beyond the Sword\Beyond the Sword\Assets\Art\Leaderheads\new_leaderheads\13459-46427-barbarossa.zip","8792992"
"13462","C:\DowagerMod\CoreFiles\Sid Meier's Civilization IV Beyond the Sword\Beyond the Sword\Assets\Art\Leaderheads\new_leaderheads\13462-25627-hectorv2.rar","2989051"
"13519","C:\DowagerMod\CoreFiles\Sid Meier's Civilization IV Beyond the Sword\Beyond the Sword\Assets\Art\Leaderheads\new_leaderheads\13519-26731-odysseus.rar","4957915"
"13534","C:\DowagerMod\CoreFiles\Sid Meier's Civilization IV Beyond the Sword\Beyond the Sword\Assets\Art\Leaderheads\new_leaderheads\13534-27958-szapolyai_j_nos.rar","4989711"
"13591","C:\DowagerMod\CoreFiles\Sid Meier's Civilization IV Beyond the Sword\Beyond the Sword\Assets\Art\Leaderheads\new_leaderheads\13591-63866-nzingaankuwu.zip","8156332"
"13595","C:\DowagerMod\CoreFiles\Sid Meier's Civilization IV Beyond the Sword\Beyond the Sword\Assets\Art\Leaderheads\new_leaderheads\13595-37514-afonsohenriques.zip","2371251"
"13624","C:\DowagerMod\CoreFiles\Sid Meier's Civilization IV Beyond the Sword\Beyond the Sword\Assets\Art\Leaderheads\new_leaderheads\13624-73267-mongkut.rar","6352212"
"13625","C:\DowagerMod\CoreFiles\Sid Meier's Civilization IV Beyond the Sword\Beyond the Sword\Assets\Art\Leaderheads\new_leaderheads\13625-73697-yaroslav.rar","9175365"
"13635","C:\DowagerMod\CoreFiles\Sid Meier's Civilization IV Beyond the Sword\Beyond the Sword\Assets\Art\Leaderheads\new_leaderheads\13635-72212-tamerlanelh.zip","8398791"
"13661","C:\DowagerMod\CoreFiles\Sid Meier's Civilization IV Beyond the Sword\Beyond the Sword\Assets\Art\Leaderheads\new_leaderheads\13661-18897-chibinda_ilunga.7z","2407983"
"13672","C:\DowagerMod\CoreFiles\Sid Meier's Civilization IV Beyond the Sword\Beyond the Sword\Assets\Art\Leaderheads\new_leaderheads\13672-47028-tupou.zip","3355776"
"13711","C:\DowagerMod\CoreFiles\Sid Meier's Civilization IV Beyond the Sword\Beyond the Sword\Assets\Art\Leaderheads\new_leaderheads\13711-16625-urukagina.zip","5712698"
"13734","C:\DowagerMod\CoreFiles\Sid Meier's Civilization IV Beyond the Sword\Beyond the Sword\Assets\Art\Leaderheads\new_leaderheads\13734-36498-louis_xvi.7z","4283038"
"13772","C:\DowagerMod\CoreFiles\Sid Meier's Civilization IV Beyond the Sword\Beyond the Sword\Assets\Art\Leaderheads\new_leaderheads\13772-27015-casimir.zip","4038603"
"13831","C:\DowagerMod\CoreFiles\Sid Meier's Civilization IV Beyond the Sword\Beyond the Sword\Assets\Art\Leaderheads\new_leaderheads\13831-26087-nehrufinal.rar","1944042"
"13834","C:\DowagerMod\CoreFiles\Sid Meier's Civilization IV Beyond the Sword\Beyond the Sword\Assets\Art\Leaderheads\new_leaderheads\13834-42764-cetshwayofinal.rar","3812382"
"13841","C:\DowagerMod\CoreFiles\Sid Meier's Civilization IV Beyond the Sword\Beyond the Sword\Assets\Art\Leaderheads\new_leaderheads\13841-16484-didofinal.rar","3309585"
"13861","C:\DowagerMod\CoreFiles\Sid Meier's Civilization IV Beyond the Sword\Beyond the Sword\Assets\Art\Leaderheads\new_leaderheads\13861-96082-dhu_nuwas.rar","6493289"
"13863","C:\DowagerMod\CoreFiles\Sid Meier's Civilization IV Beyond the Sword\Beyond the Sword\Assets\Art\Leaderheads\new_leaderheads\13863-31642-high_prince__lmos_v2.rar","3269390"
"13867","C:\DowagerMod\CoreFiles\Sid Meier's Civilization IV Beyond the Sword\Beyond the Sword\Assets\Art\Leaderheads\new_leaderheads\13867-94892-jansobieski.zip","5500003"
"13903","C:\DowagerMod\CoreFiles\Sid Meier's Civilization IV Beyond the Sword\Beyond the Sword\Assets\Art\Leaderheads\new_leaderheads\13903-80948-bilge_khan_final.rar","4172833"
"13934","C:\DowagerMod\CoreFiles\Sid Meier's Civilization IV Beyond the Sword\Beyond the Sword\Assets\Art\Leaderheads\new_leaderheads\13934-Merkurios Complete Shadered.rar","5051803"
"13935","C:\DowagerMod\CoreFiles\Sid Meier's Civilization IV Beyond the Sword\Beyond the Sword\Assets\Art\Leaderheads\new_leaderheads\13935-15993-nimrod.rar","9418021"
"13936","C:\DowagerMod\CoreFiles\Sid Meier's Civilization IV Beyond the Sword\Beyond the Sword\Assets\Art\Leaderheads\new_leaderheads\13936-67574-victor_emmanuel_ii_reskin.rar","5161329"
"13938","C:\DowagerMod\CoreFiles\Sid Meier's Civilization IV Beyond the Sword\Beyond the Sword\Assets\Art\Leaderheads\new_leaderheads\13938-75947-admiral_miklos_horthy_v2.rar","3829815"
"13939","C:\DowagerMod\CoreFiles\Sid Meier's Civilization IV Beyond the Sword\Beyond the Sword\Assets\Art\Leaderheads\new_leaderheads\13939-91689-nasserfinal.rar","3416370"
"13940","C:\DowagerMod\CoreFiles\Sid Meier's Civilization IV Beyond the Sword\Beyond the Sword\Assets\Art\Leaderheads\new_leaderheads\13940-94112-clovisfinal.rar","6699480"
"13941","C:\DowagerMod\CoreFiles\Sid Meier's Civilization IV Beyond the Sword\Beyond the Sword\Assets\Art\Leaderheads\new_leaderheads\13941-3193-ptolemyfinal.rar","5325509"
"13944","C:\DowagerMod\CoreFiles\Sid Meier's Civilization IV Beyond the Sword\Beyond the Sword\Assets\Art\Leaderheads\new_leaderheads\13944-15385-askia.rar","4302625"
"13953","C:\DowagerMod\CoreFiles\Sid Meier's Civilization IV Beyond the Sword\Beyond the Sword\Assets\Art\Leaderheads\new_leaderheads\13953-83672-hern_n_cort_s_v2.rar","6816511"
"13963","C:\DowagerMod\CoreFiles\Sid Meier's Civilization IV Beyond the Sword\Beyond the Sword\Assets\Art\Leaderheads\new_leaderheads\13963-62512-khosrau_complete.rar","7224975"
"13968","C:\DowagerMod\CoreFiles\Sid Meier's Civilization IV Beyond the Sword\Beyond the Sword\Assets\Art\Leaderheads\new_leaderheads\13968-77565-jayavarman.zip","2486680"
"13969","C:\DowagerMod\CoreFiles\Sid Meier's Civilization IV Beyond the Sword\Beyond the Sword\Assets\Art\Leaderheads\new_leaderheads\13969-78911-ramkham.zip","4086394"
"13970","C:\DowagerMod\CoreFiles\Sid Meier's Civilization IV Beyond the Sword\Beyond the Sword\Assets\Art\Leaderheads\new_leaderheads\13970-87336-vercingetorixfinal.rar","7309538"
"13971","C:\DowagerMod\CoreFiles\Sid Meier's Civilization IV Beyond the Sword\Beyond the Sword\Assets\Art\Leaderheads\new_leaderheads\13971-90441-giovanni_messe.zip","2580153"
"13995","C:\DowagerMod\CoreFiles\Sid Meier's Civilization IV Beyond the Sword\Beyond the Sword\Assets\Art\Leaderheads\new_leaderheads\13995-74552-ruga.rar","4261856"
"13999","C:\DowagerMod\CoreFiles\Sid Meier's Civilization IV Beyond the Sword\Beyond the Sword\Assets\Art\Leaderheads\new_leaderheads\13999-3911-aua.7z","4770406"
"14005","C:\DowagerMod\CoreFiles\Sid Meier's Civilization IV Beyond the Sword\Beyond the Sword\Assets\Art\Leaderheads\new_leaderheads\14005-59123-abd_el_krim.rar","5251477"
"14013","C:\DowagerMod\CoreFiles\Sid Meier's Civilization IV Beyond the Sword\Beyond the Sword\Assets\Art\Leaderheads\new_leaderheads\14013-56052-cleomenes.rar","9940270"
"14015","C:\DowagerMod\CoreFiles\Sid Meier's Civilization IV Beyond the Sword\Beyond the Sword\Assets\Art\Leaderheads\new_leaderheads\14015-61980-erich.zip","8886848"
"14018","C:\DowagerMod\CoreFiles\Sid Meier's Civilization IV Beyond the Sword\Beyond the Sword\Assets\Art\Leaderheads\new_leaderheads\14018-68908-charlesv.rar","2687216"
"14019","C:\DowagerMod\CoreFiles\Sid Meier's Civilization IV Beyond the Sword\Beyond the Sword\Assets\Art\Leaderheads\new_leaderheads\14019-69409-ogedei.rar","3774438"
"14033","C:\DowagerMod\CoreFiles\Sid Meier's Civilization IV Beyond the Sword\Beyond the Sword\Assets\Art\Leaderheads\new_leaderheads\14033-31301-teuta.7z","1329117"
"14037","C:\DowagerMod\CoreFiles\Sid Meier's Civilization IV Beyond the Sword\Beyond the Sword\Assets\Art\Leaderheads\new_leaderheads\14037-12979-louis_i_of_hungary.rar","6191889"
"14041","C:\DowagerMod\CoreFiles\Sid Meier's Civilization IV Beyond the Sword\Beyond the Sword\Assets\Art\Leaderheads\new_leaderheads\14041-27131-mauryfinal.rar","9442117"
"14043","C:\DowagerMod\CoreFiles\Sid Meier's Civilization IV Beyond the Sword\Beyond the Sword\Assets\Art\Leaderheads\new_leaderheads\14043-93841-ivan_durak.7z","2669972"
"14048","C:\DowagerMod\CoreFiles\Sid Meier's Civilization IV Beyond the Sword\Beyond the Sword\Assets\Art\Leaderheads\new_leaderheads\14048-37570-salamasina.rar","6374309"
"14055","C:\DowagerMod\CoreFiles\Sid Meier's Civilization IV Beyond the Sword\Beyond the Sword\Assets\Art\Leaderheads\new_leaderheads\14055-86519-gaius_scipio_v2.rar","5864602"
"14056","C:\DowagerMod\CoreFiles\Sid Meier's Civilization IV Beyond the Sword\Beyond the Sword\Assets\Art\Leaderheads\new_leaderheads\14056-86597-hadrianus_v2.rar","8820717"
"14057","C:\DowagerMod\CoreFiles\Sid Meier's Civilization IV Beyond the Sword\Beyond the Sword\Assets\Art\Leaderheads\new_leaderheads\14057-88253-kamehameha.rar","5413683"
"14060","C:\DowagerMod\CoreFiles\Sid Meier's Civilization IV Beyond the Sword\Beyond the Sword\Assets\Art\Leaderheads\new_leaderheads\14060-32886-szechenyi.7z","2342654"
"14061","C:\DowagerMod\CoreFiles\Sid Meier's Civilization IV Beyond the Sword\Beyond the Sword\Assets\Art\Leaderheads\new_leaderheads\14061-33683-nagy_v1.7z","2248006"
"14063","C:\DowagerMod\CoreFiles\Sid Meier's Civilization IV Beyond the Sword\Beyond the Sword\Assets\Art\Leaderheads\new_leaderheads\14063-10483-eric_ix.zip","7087860"
"14072","C:\DowagerMod\CoreFiles\Sid Meier's Civilization IV Beyond the Sword\Beyond the Sword\Assets\Art\Leaderheads\new_leaderheads\14072-69110-suppiluliuma__hittite____amra.rar","2725622"
"14073","C:\DowagerMod\CoreFiles\Sid Meier's Civilization IV Beyond the Sword\Beyond the Sword\Assets\Art\Leaderheads\new_leaderheads\14073-71545-topiltzin__toltec____amra.rar","4824130"
"14085","C:\DowagerMod\CoreFiles\Sid Meier's Civilization IV Beyond the Sword\Beyond the Sword\Assets\Art\Leaderheads\new_leaderheads\14085-6685-ferenc_r_koczi_ii.rar","7281248"
"14129","C:\DowagerMod\CoreFiles\Sid Meier's Civilization IV Beyond the Sword\Beyond the Sword\Assets\Art\Leaderheads\new_leaderheads\14129-24682-cuaht_moc.rar","9956879"
"14136","C:\DowagerMod\CoreFiles\Sid Meier's Civilization IV Beyond the Sword\Beyond the Sword\Assets\Art\Leaderheads\new_leaderheads\14136-83074-mangal_pandey.rar","4776570"
"14155","C:\DowagerMod\CoreFiles\Sid Meier's Civilization IV Beyond the Sword\Beyond the Sword\Assets\Art\Leaderheads\new_leaderheads\14155-61619-charles_canning.rar","4257566"
"14172","C:\DowagerMod\CoreFiles\Sid Meier's Civilization IV Beyond the Sword\Beyond the Sword\Assets\Art\Leaderheads\new_leaderheads\14172-36980-matthias_corvinus.rar","9524426"
"14180","C:\DowagerMod\CoreFiles\Sid Meier's Civilization IV Beyond the Sword\Beyond the Sword\Assets\Art\Leaderheads\new_leaderheads\14180-14535-john_hunyadi.rar","4808279"
"14181","C:\DowagerMod\CoreFiles\Sid Meier's Civilization IV Beyond the Sword\Beyond the Sword\Assets\Art\Leaderheads\new_leaderheads\14181-29886-ladyxoclh.zip","9322171"
"14273","C:\DowagerMod\CoreFiles\Sid Meier's Civilization IV Beyond the Sword\Beyond the Sword\Assets\Art\Leaderheads\new_leaderheads\14273-994-dan_quayle.7z","2994224"
"14275","C:\DowagerMod\CoreFiles\Sid Meier's Civilization IV Beyond the Sword\Beyond the Sword\Assets\Art\Leaderheads\new_leaderheads\14275-29449-pyrrhusfinal.rar","5622431"
"14276","C:\DowagerMod\CoreFiles\Sid Meier's Civilization IV Beyond the Sword\Beyond the Sword\Assets\Art\Leaderheads\new_leaderheads\14276-29995-mauryafinal.rar","7372034"
"14293","C:\DowagerMod\CoreFiles\Sid Meier's Civilization IV Beyond the Sword\Beyond the Sword\Assets\Art\Leaderheads\new_leaderheads\14293-12325-maximilian_i_complete.rar","6210298"
"14301","C:\DowagerMod\CoreFiles\Sid Meier's Civilization IV Beyond the Sword\Beyond the Sword\Assets\Art\Leaderheads\new_leaderheads\14301-31103-manmohan_singh.7z","4645996"
"14414","C:\DowagerMod\CoreFiles\Sid Meier's Civilization IV Beyond the Sword\Beyond the Sword\Assets\Art\Leaderheads\new_leaderheads\14414-88857-haakonson.zip","7216593"
"14469","C:\DowagerMod\CoreFiles\Sid Meier's Civilization IV Beyond the Sword\Beyond the Sword\Assets\Art\Leaderheads\new_leaderheads\14469-55273-rahman.rar","9987598"
"14521","C:\DowagerMod\CoreFiles\Sid Meier's Civilization IV Beyond the Sword\Beyond the Sword\Assets\Art\Leaderheads\new_leaderheads\14521-96243-kopp_ny.rar","9388669"
"14652","C:\DowagerMod\CoreFiles\Sid Meier's Civilization IV Beyond the Sword\Beyond the Sword\Assets\Art\Leaderheads\new_leaderheads\14652-37940-cyrano_de_bergerac.rar","6160444"
"14878","C:\DowagerMod\CoreFiles\Sid Meier's Civilization IV Beyond the Sword\Beyond the Sword\Assets\Art\Leaderheads\new_leaderheads\14878-9481-ludwig_i.zip","4189205"
"14925","C:\DowagerMod\CoreFiles\Sid Meier's Civilization IV Beyond the Sword\Beyond the Sword\Assets\Art\Leaderheads\new_leaderheads\14925-60375-freydis.zip","6564724"
"15023","C:\DowagerMod\CoreFiles\Sid Meier's Civilization IV Beyond the Sword\Beyond the Sword\Assets\Art\Leaderheads\new_leaderheads\15023-53773-temujin.rar","4870231"
"15024","C:\DowagerMod\CoreFiles\Sid Meier's Civilization IV Beyond the Sword\Beyond the Sword\Assets\Art\Leaderheads\new_leaderheads\15024-54118-yesugei.rar","3966658"
"15071","C:\DowagerMod\CoreFiles\Sid Meier's Civilization IV Beyond the Sword\Beyond the Sword\Assets\Art\Leaderheads\new_leaderheads\15071-37193-cleopatra___saibotlieh.zip","1879317"
"15084","C:\DowagerMod\CoreFiles\Sid Meier's Civilization IV Beyond the Sword\Beyond the Sword\Assets\Art\Leaderheads\new_leaderheads\15084-13483-kennedy.zip","2858214"
"15088","C:\DowagerMod\CoreFiles\Sid Meier's Civilization IV Beyond the Sword\Beyond the Sword\Assets\Art\Leaderheads\new_leaderheads\15088-9154-castro.rar","2242845"
"15106","C:\DowagerMod\CoreFiles\Sid Meier's Civilization IV Beyond the Sword\Beyond the Sword\Assets\Art\Leaderheads\new_leaderheads\15106-48898-macha_mong_ruad.zip","4551288"
"15142","C:\DowagerMod\CoreFiles\Sid Meier's Civilization IV Beyond the Sword\Beyond the Sword\Assets\Art\Leaderheads\new_leaderheads\15142-55507-sunni_ali_ber.rar","7137846"
"15213","C:\DowagerMod\CoreFiles\Sid Meier's Civilization IV Beyond the Sword\Beyond the Sword\Assets\Art\Leaderheads\new_leaderheads\15213-57109-maria_ii_saibotlieh.zip","1705770"
"15258","C:\DowagerMod\CoreFiles\Sid Meier's Civilization IV Beyond the Sword\Beyond the Sword\Assets\Art\Leaderheads\new_leaderheads\15258-57233-mandukhai_saibotlieh.zip","1930358"
"15295","C:\DowagerMod\CoreFiles\Sid Meier's Civilization IV Beyond the Sword\Beyond the Sword\Assets\Art\Leaderheads\new_leaderheads\15295-95867-joan_of_arc___saibotlieh.zip","1372695"
"15919","C:\DowagerMod\CoreFiles\Sid Meier's Civilization IV Beyond the Sword\Beyond the Sword\Assets\Art\Leaderheads\new_leaderheads\15919-44986-osman.zip","4773637"
"15949","C:\DowagerMod\CoreFiles\Sid Meier's Civilization IV Beyond the Sword\Beyond the Sword\Assets\Art\Leaderheads\new_leaderheads\15949-37298-yagan.rar","4530358"
"16022","C:\DowagerMod\CoreFiles\Sid Meier's Civilization IV Beyond the Sword\Beyond the Sword\Assets\Art\Leaderheads\new_leaderheads\16022-33461-philip_ii.zip","3489448"
"16057","C:\DowagerMod\CoreFiles\Sid Meier's Civilization IV Beyond the Sword\Beyond the Sword\Assets\Art\Leaderheads\new_leaderheads\16057-44868-gunnhild.zip","4588985"
"16067","C:\DowagerMod\CoreFiles\Sid Meier's Civilization IV Beyond the Sword\Beyond the Sword\Assets\Art\Leaderheads\new_leaderheads\16067-49672-ishtar.zip","6098766"
"16370","C:\DowagerMod\CoreFiles\Sid Meier's Civilization IV Beyond the Sword\Beyond the Sword\Assets\Art\Leaderheads\new_leaderheads\16370-2776-awiakta.7z","2675628"
"16485","C:\DowagerMod\CoreFiles\Sid Meier's Civilization IV Beyond the Sword\Beyond the Sword\Assets\Art\Leaderheads\new_leaderheads\16485-74041-orkeke.7z","3888242"
"16618","C:\DowagerMod\CoreFiles\Sid Meier's Civilization IV Beyond the Sword\Beyond the Sword\Assets\Art\Leaderheads\new_leaderheads\16618-99146-zenobia.7z","2097282"
"16660","C:\DowagerMod\CoreFiles\Sid Meier's Civilization IV Beyond the Sword\Beyond the Sword\Assets\Art\Leaderheads\new_leaderheads\16660-5370-isabella.7z","2130923"
"16707","C:\DowagerMod\CoreFiles\Sid Meier's Civilization IV Beyond the Sword\Beyond the Sword\Assets\Art\Leaderheads\new_leaderheads\16707-59656-cavour.rar","5458704"
"16925","C:\DowagerMod\CoreFiles\Sid Meier's Civilization IV Beyond the Sword\Beyond the Sword\Assets\Art\Leaderheads\new_leaderheads\16925-65026-mem_de_sa.7z","2304631"
"16968","C:\DowagerMod\CoreFiles\Sid Meier's Civilization IV Beyond the Sword\Beyond the Sword\Assets\Art\Leaderheads\new_leaderheads\16968-15663-george_v.zip","7461251"
"16972","C:\DowagerMod\CoreFiles\Sid Meier's Civilization IV Beyond the Sword\Beyond the Sword\Assets\Art\Leaderheads\new_leaderheads\16972-59936-nicholas_ii_v3___saibotlieh.zip","1228882"
"17018","C:\DowagerMod\CoreFiles\Sid Meier's Civilization IV Beyond the Sword\Beyond the Sword\Assets\Art\Leaderheads\new_leaderheads\17018-68968-trudeau.7z","2061296"
"17032","C:\DowagerMod\CoreFiles\Sid Meier's Civilization IV Beyond the Sword\Beyond the Sword\Assets\Art\Leaderheads\new_leaderheads\17032-93233-de_sousa.7z","2470974"
"17244","C:\DowagerMod\CoreFiles\Sid Meier's Civilization IV Beyond the Sword\Beyond the Sword\Assets\Art\Leaderheads\new_leaderheads\17244-45989-bayinnaung.rar","6169125"
"173","C:\DowagerMod\CoreFiles\Sid Meier's Civilization IV Beyond the Sword\Beyond the Sword\Assets\Art\Leaderheads\new_leaderheads\173-25705-warriorcode.zip","11743"
"17319","C:\DowagerMod\CoreFiles\Sid Meier's Civilization IV Beyond the Sword\Beyond the Sword\Assets\Art\Leaderheads\new_leaderheads\17319-80409-kanishka.rar","4396371"
"220","C:\DowagerMod\CoreFiles\Sid Meier's Civilization IV Beyond the Sword\Beyond the Sword\Assets\Art\Leaderheads\new_leaderheads\220-presidial_lancer.zip","120652"
"221","C:\DowagerMod\CoreFiles\Sid Meier's Civilization IV Beyond the Sword\Beyond the Sword\Assets\Art\Leaderheads\new_leaderheads\221-Plague, no birds.zip","2453"
"2821","C:\DowagerMod\CoreFiles\Sid Meier's Civilization IV Beyond the Sword\Beyond the Sword\Assets\Art\Leaderheads\new_leaderheads\2821-72686-AnnoLHstatic.ace","7777414"
"3311","C:\DowagerMod\CoreFiles\Sid Meier's Civilization IV Beyond the Sword\Beyond the Sword\Assets\Art\Leaderheads\new_leaderheads\3311-8890-Masinissa.zip","3685798"
"4097","C:\DowagerMod\CoreFiles\Sid Meier's Civilization IV Beyond the Sword\Beyond the Sword\Assets\Art\Leaderheads\new_leaderheads\4097-73370-Emperor Hirohito 0.1.zip","6579903"
"6806","C:\DowagerMod\CoreFiles\Sid Meier's Civilization IV Beyond the Sword\Beyond the Sword\Assets\Art\Leaderheads\new_leaderheads\6806-93597-Sviatoslav.zip","4113280"
"7530","C:\DowagerMod\CoreFiles\Sid Meier's Civilization IV Beyond the Sword\Beyond the Sword\Assets\Art\Leaderheads\new_leaderheads\7530-79573-George I.zip","2466766"
"7544","C:\DowagerMod\CoreFiles\Sid Meier's Civilization IV Beyond the Sword\Beyond the Sword\Assets\Art\Leaderheads\new_leaderheads\7544-45094-leonidas.zip","7671530"
"7596","C:\DowagerMod\CoreFiles\Sid Meier's Civilization IV Beyond the Sword\Beyond the Sword\Assets\Art\Leaderheads\new_leaderheads\7596-23527-mahmoud.zip","1980537"
"7666","C:\DowagerMod\CoreFiles\Sid Meier's Civilization IV Beyond the Sword\Beyond the Sword\Assets\Art\Leaderheads\new_leaderheads\7666-74397-tito.zip","3230367"
"7784","C:\DowagerMod\CoreFiles\Sid Meier's Civilization IV Beyond the Sword\Beyond the Sword\Assets\Art\Leaderheads\new_leaderheads\7784-80748-medicis.zip","2810569"
"7804","C:\DowagerMod\CoreFiles\Sid Meier's Civilization IV Beyond the Sword\Beyond the Sword\Assets\Art\Leaderheads\new_leaderheads\7804-79771-G.W.Bush.zip","2561396"
"7840","C:\DowagerMod\CoreFiles\Sid Meier's Civilization IV Beyond the Sword\Beyond the Sword\Assets\Art\Leaderheads\new_leaderheads\7840-85077-kim.zip","1390286"
"7870","C:\DowagerMod\CoreFiles\Sid Meier's Civilization IV Beyond the Sword\Beyond the Sword\Assets\Art\Leaderheads\new_leaderheads\7870-79971-cardenas.zip","2149391"
"7914","C:\DowagerMod\CoreFiles\Sid Meier's Civilization IV Beyond the Sword\Beyond the Sword\Assets\Art\Leaderheads\new_leaderheads\7914-81284-haraldhardrada.zip","3467097"
"7942","C:\DowagerMod\CoreFiles\Sid Meier's Civilization IV Beyond the Sword\Beyond the Sword\Assets\Art\Leaderheads\new_leaderheads\7942-8750-king.zip","1708319"
"7958","C:\DowagerMod\CoreFiles\Sid Meier's Civilization IV Beyond the Sword\Beyond the Sword\Assets\Art\Leaderheads\new_leaderheads\7958-78809-collins.zip","2522270"
"8014","C:\DowagerMod\CoreFiles\Sid Meier's Civilization IV Beyond the Sword\Beyond the Sword\Assets\Art\Leaderheads\new_leaderheads\8014-79113-hidalgo.zip","2585685"
"8120","C:\DowagerMod\CoreFiles\Sid Meier's Civilization IV Beyond the Sword\Beyond the Sword\Assets\Art\Leaderheads\new_leaderheads\8120-97769-walesa.zip","1847720"
"8204","C:\DowagerMod\CoreFiles\Sid Meier's Civilization IV Beyond the Sword\Beyond the Sword\Assets\Art\Leaderheads\new_leaderheads\8204-98212-mandela.zip","1676999"
"8236","C:\DowagerMod\CoreFiles\Sid Meier's Civilization IV Beyond the Sword\Beyond the Sword\Assets\Art\Leaderheads\new_leaderheads\8236-81646-vladiii.zip","2735995"
"8346","C:\DowagerMod\CoreFiles\Sid Meier's Civilization IV Beyond the Sword\Beyond the Sword\Assets\Art\Leaderheads\new_leaderheads\8346-18788-Khomeini_v2.zip","4642578"
"8501","C:\DowagerMod\CoreFiles\Sid Meier's Civilization IV Beyond the Sword\Beyond the Sword\Assets\Art\Leaderheads\new_leaderheads\8501-67031-BenGurion_v2.zip","3638659"
"8560","C:\DowagerMod\CoreFiles\Sid Meier's Civilization IV Beyond the Sword\Beyond the Sword\Assets\Art\Leaderheads\new_leaderheads\8560-90517-Amra_Hiram_v2.7z","4180009"
"8696","C:\DowagerMod\CoreFiles\Sid Meier's Civilization IV Beyond the Sword\Beyond the Sword\Assets\Art\Leaderheads\new_leaderheads\8696-11010-Shahupdated.zip","3740116"
"8709","C:\DowagerMod\CoreFiles\Sid Meier's Civilization IV Beyond the Sword\Beyond the Sword\Assets\Art\Leaderheads\new_leaderheads\8709-66795-Burebista.rar","4880410"
"8721","C:\DowagerMod\CoreFiles\Sid Meier's Civilization IV Beyond the Sword\Beyond the Sword\Assets\Art\Leaderheads\new_leaderheads\8721-69992-Teres No Helmet.rar","3594703"
"8727","C:\DowagerMod\CoreFiles\Sid Meier's Civilization IV Beyond the Sword\Beyond the Sword\Assets\Art\Leaderheads\new_leaderheads\8727-51995-Amphianax.rar","5133902"
"8767","C:\DowagerMod\CoreFiles\Sid Meier's Civilization IV Beyond the Sword\Beyond the Sword\Assets\Art\Leaderheads\new_leaderheads\8767-40347-cleopatra.7z","1617502"
"8817","C:\DowagerMod\CoreFiles\Sid Meier's Civilization IV Beyond the Sword\Beyond the Sword\Assets\Art\Leaderheads\new_leaderheads\8817-37099-francis_v2.zip","6454108"
"8818","C:\DowagerMod\CoreFiles\Sid Meier's Civilization IV Beyond the Sword\Beyond the Sword\Assets\Art\Leaderheads\new_leaderheads\8818-6987-dompedro_v3.rar","3469052"
"8829","C:\DowagerMod\CoreFiles\Sid Meier's Civilization IV Beyond the Sword\Beyond the Sword\Assets\Art\Leaderheads\new_leaderheads\8829-51118-idiamin.zip","3880460"
"8870","C:\DowagerMod\CoreFiles\Sid Meier's Civilization IV Beyond the Sword\Beyond the Sword\Assets\Art\Leaderheads\new_leaderheads\8870-88804-piye.zip","2947133"
"8888","C:\DowagerMod\CoreFiles\Sid Meier's Civilization IV Beyond the Sword\Beyond the Sword\Assets\Art\Leaderheads\new_leaderheads\8888-21575-michael_v2.zip","7532137"
"8891","C:\DowagerMod\CoreFiles\Sid Meier's Civilization IV Beyond the Sword\Beyond the Sword\Assets\Art\Leaderheads\new_leaderheads\8891-89028-seleucus.rar","6119654"
"8901","C:\DowagerMod\CoreFiles\Sid Meier's Civilization IV Beyond the Sword\Beyond the Sword\Assets\Art\Leaderheads\new_leaderheads\8901-60242-marcus.zip","6399647"
"8907","C:\DowagerMod\CoreFiles\Sid Meier's Civilization IV Beyond the Sword\Beyond the Sword\Assets\Art\Leaderheads\new_leaderheads\8907-25440-aigimios.rar","6314248"
"8916","C:\DowagerMod\CoreFiles\Sid Meier's Civilization IV Beyond the Sword\Beyond the Sword\Assets\Art\Leaderheads\new_leaderheads\8916-78366-akbarthegreat.7z","1980361"
"8963","C:\DowagerMod\CoreFiles\Sid Meier's Civilization IV Beyond the Sword\Beyond the Sword\Assets\Art\Leaderheads\new_leaderheads\8963-55990-julius_civilis.rar","3945904"
"9016","C:\DowagerMod\CoreFiles\Sid Meier's Civilization IV Beyond the Sword\Beyond the Sword\Assets\Art\Leaderheads\new_leaderheads\9016-5204-dido.zip","7503235"
"9070","C:\DowagerMod\CoreFiles\Sid Meier's Civilization IV Beyond the Sword\Beyond the Sword\Assets\Art\Leaderheads\new_leaderheads\9070-81302-hochiminh_v2.zip","3883617"
"9139","C:\DowagerMod\CoreFiles\Sid Meier's Civilization IV Beyond the Sword\Beyond the Sword\Assets\Art\Leaderheads\new_leaderheads\9139-81032-georgeiiiv2.zip","3452793"
"9183","C:\DowagerMod\CoreFiles\Sid Meier's Civilization IV Beyond the Sword\Beyond the Sword\Assets\Art\Leaderheads\new_leaderheads\9183-57989-henry_viii.rar","2959583"
"9230","C:\DowagerMod\CoreFiles\Sid Meier's Civilization IV Beyond the Sword\Beyond the Sword\Assets\Art\Leaderheads\new_leaderheads\9230-27793-muawiyah.zip","3124169"
"9240","C:\DowagerMod\CoreFiles\Sid Meier's Civilization IV Beyond the Sword\Beyond the Sword\Assets\Art\Leaderheads\new_leaderheads\9240-16922-adenauer_v1_1.zip","2128441"
"9243","C:\DowagerMod\CoreFiles\Sid Meier's Civilization IV Beyond the Sword\Beyond the Sword\Assets\Art\Leaderheads\new_leaderheads\9243-7023-mussolini_v2.zip","3793374"
"9258","C:\DowagerMod\CoreFiles\Sid Meier's Civilization IV Beyond the Sword\Beyond the Sword\Assets\Art\Leaderheads\new_leaderheads\9258-47457-caligula_v3.zip","8625895"
"9294","C:\DowagerMod\CoreFiles\Sid Meier's Civilization IV Beyond the Sword\Beyond the Sword\Assets\Art\Leaderheads\new_leaderheads\9294-8215-trajan_v2.zip","3694719"
"9308","C:\DowagerMod\CoreFiles\Sid Meier's Civilization IV Beyond the Sword\Beyond the Sword\Assets\Art\Leaderheads\new_leaderheads\9308-80679-hselassie.zip","3846499"
"9420","C:\DowagerMod\CoreFiles\Sid Meier's Civilization IV Beyond the Sword\Beyond the Sword\Assets\Art\Leaderheads\new_leaderheads\9420-11540-polpot.zip","2436240"
"9521","C:\DowagerMod\CoreFiles\Sid Meier's Civilization IV Beyond the Sword\Beyond the Sword\Assets\Art\Leaderheads\new_leaderheads\9521-83103-leninv2.zip","3350992"
"9648","C:\DowagerMod\CoreFiles\Sid Meier's Civilization IV Beyond the Sword\Beyond the Sword\Assets\Art\Leaderheads\new_leaderheads\9648-73402-petromod_v1.zip","5272411"
"9773","C:\DowagerMod\CoreFiles\Sid Meier's Civilization IV Beyond the Sword\Beyond the Sword\Assets\Art\Leaderheads\new_leaderheads\9773-22530-taizong.rar","4807317"
"9968","C:\DowagerMod\CoreFiles\Sid Meier's Civilization IV Beyond the Sword\Beyond the Sword\Assets\Art\Leaderheads\new_leaderheads\9968-41177-mccain.zip","2877637"
"9976","C:\DowagerMod\CoreFiles\Sid Meier's Civilization IV Beyond the Sword\Beyond the Sword\Assets\Art\Leaderheads\new_leaderheads\9976-86043-kruger.zip","3985140"
"9977","C:\DowagerMod\CoreFiles\Sid Meier's Civilization IV Beyond the Sword\Beyond the Sword\Assets\Art\Leaderheads\new_leaderheads\9977-86260-theodora.zip","6206985"
"9978","C:\DowagerMod\CoreFiles\Sid Meier's Civilization IV Beyond the Sword\Beyond the Sword\Assets\Art\Leaderheads\new_leaderheads\9978-86520-basil.zip","6394191"
