"Type","TypeLine","ShadowLine","Attach","AttachLine","Scale","ScaleLine"
"ART_DEF_UNIT_BANDIT_RIDER","7114","7122","HorseBip Spine1","7123","1.0","7124"
"ART_DEF_UNIT_CAMEL_ARCHER","7554","7562","BIP Pelvis","7563","1.0","7564"
"ART_DEF_UNIT_CAMEL_GUNNER","7572","7580","BIP Pelvis","7581","1.0","7582"
"ART_DEF_UNIT_CAMEL_KNIGHT","7590","7598","BIP Pelvis","7599","1.0","7600"
"ART_DEF_UNIT_CAMEL_RIDER","7607","7614","MD","7615","0.7","7616"
"ART_DEF_UNIT_CARABINIER","7712","7720","HorseBip Spine1","7721","1.0","7722"
"ART_DEF_UNIT_CHIVALRY","8226","8234","BIP Pelvis","8235","1.0","8236"
"ART_DEF_UNIT_DRAGOON","8686","8694","HorseBip Spine1","8695","1.0","8696"
"ART_DEF_UNIT_HEAVY_CAVALRY","10588","10595","BIP Pelvis","10596","1.0","10597"
"ART_DEF_UNIT_HEAVY_SPEARMAN","10658","10665","BIP Pelvis","10666","1.0","10667"
"ART_DEF_UNIT_HEAVY_SWORDSMAN","10674","10682","BIP Pelvis","10683","1.0","10684"
"ART_DEF_UNIT_HIGHWAYMAN","10724","10732","HorseBip Spine1","10733","1.0","10734"
"ART_DEF_UNIT_HORSE_CROSSBOWMAN","10846","10854","BIP Pelvis","10855","1.0","10856"
"ART_DEF_UNIT_HORSEMAN","10864","10872","HorseBip Spine1","10873","1.0","10874"
"ART_DEF_UNIT_HORSE_PACK","10881","10889","HorseBip Spine1","10890","1.0","10891"
"ART_DEF_UNIT_LANCER","11344","11352","HorseBip Spine1","11353","1.0","11354"
"ART_DEF_UNIT_LIGHT_CAVALRY","11535","11542","BIP Pelvis","11543","1.0","11544"
"ART_DEF_UNIT_MEDICAL_VET","11964","11972","HorseBip Spine1","11973","1.0","11974"
"ART_DEF_UNIT_MOUNTED_INFANTRY","12733","12740","BIP Pelvis","12741","1.0","12742"
"ART_DEF_UNIT_OUTLAW","13219","13227","HorseBip Spine1","13228","1.0","13229"
"ART_DEF_UNIT_TRENCH_CAVALRY","15688","15696","HorseBip Spine1","15697","1.0","15698"
"ART_DEF_UNIT_WORKER_BUFFALO","16777","16785","LionBip Spine1","16786","0","16787"
"ART_DEF_UNIT_WORK_CAMEL","16797","16805","HorseBip Spine1","16806","1.0","16807"
"ART_DEF_UNIT_COMANCHE_HORSE_ARCHER","17090","17098","BIP Pelvis","17099","1.0","17100"
"ART_DEF_UNIT_CHEYENNE_RIDER","17126","17134","BIP Pelvis","17135","1.0","17136"
"ART_DEF_UNIT_MEXICO_RURALES","17357","17365","HorseBip Spine1","17366","1.0","17367"
"ART_DEF_UNIT_OLMEC_EAGLE_WARRIOR","17427","17435","BIP Pelvis","17436","1.0","17437"
"ART_DEF_UNIT_AFONSO_HENRIQUES","17583","17591","BIP Pelvis","17592","1.0","17593"
"ART_DEF_UNIT_ARPAD","17667","17675","BIP Pelvis","17676","1.0","17677"
"ART_DEF_UNIT_ARTHUR","17685","17693","BIP Pelvis","17694","1.0","17695"
"ART_DEF_UNIT_BAIBARS","17754","17762","BIP Pelvis","17763","1.0","17764"
"ART_DEF_UNIT_BASIL_II","17805","17813","BIP Pelvis","17814","1.0","17815"
"ART_DEF_UNIT_BENIN_EWUARE","17839","17847","HorseBip Spine1","17848","1.0","17849"
"ART_DEF_UNIT_BILGE_KHAN","17856","17864","HorseBip Spine1","17865","1.0","17866"
"ART_DEF_UNIT_CHANDRAGUPTA_MAURYA","17924","17932","BIP Pelvis","17933","1.0","17934"
"ART_DEF_UNIT_EL_CID","18077","18085","BIP Pelvis","18086","1.0","18087"
"ART_DEF_UNIT_EUGENE","18128","18135","HorseBip Spine1","18136","1.0","18137"
"ART_DEF_UNIT_FREDERICK_BARBAROSSA","18196","18204","BIP Pelvis","18205","1.0","18206"
"ART_DEF_UNIT_GOTH_ALARIC","18231","18239","BIP Pelvis","18240","1.0","18241"
"ART_DEF_UNIT_GUAN_YU","18249","18257","BIP Pelvis","18258","1.0","18259"
"ART_DEF_UNIT_GWANGGAETO","18266","18273","BIP Pelvis","18274","1.0","18275"
"ART_DEF_UNIT_HENRI_IV","18317","18325","HorseBip Spine1","18326","1.0","18327"
"ART_DEF_UNIT_HERNAN_CORTES","18368","18376","HorseBip Spine1","18377","1.0","18378"
"ART_DEF_UNIT_HIDEYOSHI","18403","18411","BIP Pelvis","18412","1.0","18413"
"ART_DEF_UNIT_ITHOBAAL","18453","18461","BIP Pelvis","18462","1.0","18463"
"ART_DEF_UNIT_ITZCOATL","18470","18478","BIP Pelvis","18479","1.0","18480"
"ART_DEF_UNIT_IVAN_IV","18505","18513","BIP Pelvis","18514","1.0","18515"
"ART_DEF_UNIT_JADWIGA","18522","18530","BIP Pelvis","18531","1.0","18532"
"ART_DEF_UNIT_KHOSRAU","18674","18682","BIP Pelvis","18683","1.0","18684"
"ART_DEF_UNIT_LUIS","18793","18801","HorseBip Spine1","18802","1.0","18803"
"ART_DEF_UNIT_OGODAI","19069","19076","BIP Pelvis","19077","1.0","19078"
"ART_DEF_UNIT_OSMAN","19086","19094","HorseBip Spine1","19095","1.0","19096"
"ART_DEF_UNIT_QUANG_TRUNG","19188","19195","BIP Pelvis","19196","1.0","19197"
"ART_DEF_UNIT_ROSTAM","19255","19263","HorseBip Spine1","19264","1.0","19265"
"ART_DEF_UNIT_SHAH_RUKH","19313","19321","BIP Pelvis","19322","1.0","19323"
"ART_DEF_UNIT_SUBOTEI","19447","19455","BIP Pelvis","19456","1.0","19457"
"ART_DEF_UNIT_SUNDIATA_KEITA","19464","19472","HorseBip Spine1","19473","1.0","19474"
"ART_DEF_UNIT_THUTMOSE_III","19565","19573","BIP Pelvis","19574","1.0","19575"
"ART_DEF_UNIT_TIRADENTES","19582","19590","HorseBip Spine1","19591","1.0","19592"
"ART_DEF_UNIT_ULUGH_BEG","19720","19728","BIP Pelvis","19729","1.0","19730"
"ART_DEF_UNIT_YUSUF","19773","19781","BIP Pelvis","19782","1.0","19783"
"ART_DEF_UNIT_ADVENTURER_NATIVE_AMERICAN","19873","19881","HorseBip Spine1","19882","1.0","19883"
"ART_DEF_UNIT_BANDIT_RIDER_NATIVE_AMERICAN","20173","20181","HorseBip Spine1","20182","1.0","20183"
"ART_DEF_UNIT_CAMEL_ARCHER_NATIVE_AMERICAN","20340","20348","BIP Pelvis","20349","1.0","20350"
"ART_DEF_UNIT_CAMEL_GUNNER_NATIVE_AMERICAN","20358","20366","BIP Pelvis","20367","1.0","20368"
"ART_DEF_UNIT_CAMEL_KNIGHT_NATIVE_AMERICAN","20376","20384","BIP Pelvis","20385","1.0","20386"
"ART_DEF_UNIT_CAMEL_RIDER_NATIVE_AMERICAN","20393","20400","MD","20401","0.7","20402"
"ART_DEF_UNIT_CARABINIER_NATIVE_AMERICAN","20439","20447","HorseBip Spine1","20448","1.0","20449"
"ART_DEF_UNIT_CAVALRY_NATIVE_AMERICAN","20456","20464","HorseBip Spine1","20465","1.0","20466"
"ART_DEF_UNIT_CUIRASSIER_NATIVE_AMERICAN","20677","20685","HorseBip Spine1","20686","1.0","20687"
"ART_DEF_UNIT_DRAGOON_NATIVE_AMERICAN","20724","20732","HorseBip Spine1","20733","1.0","20734"
"ART_DEF_UNIT_HEAVY_CAVALRY_NATIVE_AMERICAN","21351","21359","BIP Pelvis","21360","1.0","21361"
"ART_DEF_UNIT_HEAVY_SWORDSMAN_NATIVE_AMERICAN","21403","21411","BIP Pelvis","21412","1.0","21413"
"ART_DEF_UNIT_HIGHWAYMAN_NATIVE_AMERICAN","21420","21428","HorseBip Spine1","21429","1.0","21430"
"ART_DEF_UNIT_HORSE_ARCHER_NATIVE_AMERICAN","21437","21445","BIP Pelvis","21446","1.0","21447"
"ART_DEF_UNIT_HORSE_CROSSBOWMAN_NATIVE_AMERICAN","21455","21463","BIP Pelvis","21464","1.0","21465"
"ART_DEF_UNIT_HORSEMAN_NATIVE_AMERICAN","21473","21481","HorseBip Spine1","21482","1.0","21483"
"ART_DEF_UNIT_KNIGHT_NATIVE_AMERICAN","21658","21666","BIP Pelvis","21667","1.0","21668"
"ART_DEF_UNIT_LANCER_NATIVE_AMERICAN","21675","21683","HorseBip Spine1","21684","1.0","21685"
"ART_DEF_UNIT_LIGHT_CAVALRY_NATIVE_AMERICAN","21726","21733","BIP Pelvis","21734","1.0","21735"
"ART_DEF_UNIT_MAILED_KNIGHT_NATIVE_AMERICAN","21830","21838","BIP Pelvis","21839","1.0","21840"
"ART_DEF_UNIT_OUTLAW_NATIVE_AMERICAN","22450","22458","HorseBip Spine1","22459","1.0","22460"
"ART_DEF_UNIT_TRENCH_CAVALRY_NATIVE_AMERICAN","23141","23149","HorseBip Spine1","23150","1.0","23151"
"ART_DEF_UNIT_ADVENTURER_SOUTH_AMERICA","23660","23668","HorseBip Spine1","23669","1.0","23670"
"ART_DEF_UNIT_BANDIT_RIDER_SOUTH_AMERICA","23975","23983","HorseBip Spine1","23984","1.0","23985"
"ART_DEF_UNIT_CAMEL_ARCHER_SOUTH_AMERICA","24142","24150","BIP Pelvis","24151","1.0","24152"
"ART_DEF_UNIT_CAMEL_GUNNER_SOUTH_AMERICA","24160","24168","BIP Pelvis","24169","1.0","24170"
"ART_DEF_UNIT_CAMEL_KNIGHT_SOUTH_AMERICA","24178","24186","BIP Pelvis","24187","1.0","24188"
"ART_DEF_UNIT_CAMEL_RIDER_SOUTH_AMERICA","24195","24202","MD","24203","0.7","24204"
"ART_DEF_UNIT_CARABINIER_SOUTH_AMERICA","24241","24249","HorseBip Spine1","24250","1.0","24251"
"ART_DEF_UNIT_CAVALRY_SOUTH_AMERICA","24258","24266","HorseBip Spine1","24267","1.0","24268"
"ART_DEF_UNIT_CUIRASSIER_SOUTH_AMERICA","24429","24437","HorseBip Spine1","24438","1.0","24439"
"ART_DEF_UNIT_DRAGOON_SOUTH_AMERICA","24476","24484","HorseBip Spine1","24485","1.0","24486"
"ART_DEF_UNIT_HEAVY_CAVALRY_SOUTH_AMERICA","25108","25116","BIP Pelvis","25117","1.0","25118"
"ART_DEF_UNIT_HEAVY_PIKEMAN_SOUTH_AMERICA","25143","25151","BIP Pelvis","25152","1.0","25153"
"ART_DEF_UNIT_HEAVY_SWORDSMAN_SOUTH_AMERICA","25160","25168","BIP Pelvis","25169","1.0","25170"
"ART_DEF_UNIT_HIGHWAYMAN_SOUTH_AMERICA","25177","25185","HorseBip Spine1","25186","1.0","25187"
"ART_DEF_UNIT_HORSE_CROSSBOWMAN_SOUTH_AMERICA","25194","25202","BIP Pelvis","25203","1.0","25204"
"ART_DEF_UNIT_HORSEMAN_SOUTH_AMERICA","25212","25220","HorseBip Spine1","25221","1.0","25222"
"ART_DEF_UNIT_LANCER_SOUTH_AMERICA","25398","25406","HorseBip Spine1","25407","1.0","25408"
"ART_DEF_UNIT_LIGHT_CAVALRY_SOUTH_AMERICA","25466","25474","BIP Pelvis","25475","1.0","25476"
"ART_DEF_UNIT_MAILED_KNIGHT_SOUTH_AMERICA","25553","25561","BIP Pelvis","25562","1.0","25563"
"ART_DEF_UNIT_MOUNTED_INFANTRY_SOUTH_AMERICA","26107","26115","BIP Pelvis","26116","1.0","26117"
"ART_DEF_UNIT_OUTLAW_SOUTH_AMERICA","26225","26233","HorseBip Spine1","26234","1.0","26235"
"ART_DEF_UNIT_TRENCH_CAVALRY_SOUTH_AMERICA","26834","26842","HorseBip Spine1","26843","1.0","26844"
"ART_DEF_UNIT_BANDIT_RIDER_EUROPEAN","27407","27415","HorseBip Spine1","27416","1.0","27417"
"ART_DEF_UNIT_CAMEL_ARCHER_EUROPEAN","27505","27513","BIP Pelvis","27514","1.0","27515"
"ART_DEF_UNIT_CAMEL_GUNNER_EUROPEAN","27523","27531","BIP Pelvis","27532","1.0","27533"
"ART_DEF_UNIT_CAMEL_KNIGHT_EUROPEAN","27541","27549","BIP Pelvis","27550","1.0","27551"
"ART_DEF_UNIT_HORSEMAN_EUROPEAN","28016","28024","HorseBip Spine1","28025","1.0","28026"
"ART_DEF_UNIT_LANCER_EUROPEAN","28033","28041","HorseBip Spine1","28042","1.0","28043"
"ART_DEF_UNIT_ADVENTURER_ASIAN","28641","28649","HorseBip Spine1","28650","1.0","28651"
"ART_DEF_UNIT_BANDIT_RIDER_ASIAN","28938","28946","HorseBip Spine1","28947","1.0","28948"
"ART_DEF_UNIT_CAMEL_ARCHER_ASIAN","29140","29148","BIP Pelvis","29149","1.0","29150"
"ART_DEF_UNIT_CAMEL_GUNNER_ASIAN","29158","29166","BIP Pelvis","29167","1.0","29168"
"ART_DEF_UNIT_CAMEL_KNIGHT_ASIAN","29176","29184","BIP Pelvis","29185","1.0","29186"
"ART_DEF_UNIT_CARABINIER_ASIAN","29223","29231","HorseBip Spine1","29232","1.0","29233"
"ART_DEF_UNIT_CAVALRY_ASIAN","29276","29284","HorseBip Spine1","29285","1.0","29286"
"ART_DEF_UNIT_CHIVALRY_ASIAN","29392","29400","BIP Pelvis","29401","1.0","29402"
"ART_DEF_UNIT_CUIRASSIER_ASIAN","29532","29540","HorseBip Spine1","29541","1.0","29542"
"ART_DEF_UNIT_DRAGOON_ASIAN","29616","29624","HorseBip Spine1","29625","1.0","29626"
"ART_DEF_UNIT_HEAVY_CAVALRY_CHINA","30393","30401","BIP Pelvis","30402","1.0","30403"
"ART_DEF_UNIT_HIGHWAYMAN_ASIAN","30462","30470","HorseBip Spine1","30471","1.0","30472"
"ART_DEF_UNIT_HORSE_CROSSBOWMAN_ASIAN","30479","30487","BIP Pelvis","30488","1.0","30489"
"ART_DEF_UNIT_LANCER_ASIAN","30665","30673","HorseBip Spine1","30674","1.0","30675"
"ART_DEF_UNIT_LIGHT_CAVALRY_ASIAN","30733","30741","HorseBip Spine1","30742","1.0","30743"
"ART_DEF_UNIT_MOUNTED_INFANTRY_ASIAN","31374","31381","BIP Pelvis","31382","1.0","31383"
"ART_DEF_UNIT_OUTLAW_ASIAN","31489","31497","HorseBip Spine1","31498","1.0","31499"
"ART_DEF_UNIT_TRENCH_CAVALRY_ASIAN","32276","32284","HorseBip Spine1","32285","1.0","32286"
"ART_DEF_UNIT_ADVENTURER_AFRICAN","32833","32841","HorseBip Spine1","32842","1.0","32843"
"ART_DEF_UNIT_BANDIT_RIDER_AFRICAN","33167","33175","HorseBip Spine1","33176","1.0","33177"
"ART_DEF_UNIT_CAMEL_GUNNER_AFRICAN","33351","33359","BIP Pelvis","33360","1.0","33361"
"ART_DEF_UNIT_CAMEL_KNIGHT_AFRICAN","33369","33377","BIP Pelvis","33378","1.0","33379"
"ART_DEF_UNIT_CAMEL_RIDER_AFRICAN","33386","33393","MD","33394","0.7","33395"
"ART_DEF_UNIT_CARABINIER_AFRICAN","33468","33476","HorseBip Spine1","33477","1.0","33478"
"ART_DEF_UNIT_CAVALRY_AFRICAN","33485","33493","HorseBip Spine1","33494","1.0","33495"
"ART_DEF_UNIT_CHIVALRY_AFRICAN","33720","33728","BIP Pelvis","33729","1.0","33730"
"ART_DEF_UNIT_CUIRASSIER_AFRICAN","33876","33884","HorseBip Spine1","33885","1.0","33886"
"ART_DEF_UNIT_DRAGOON_AFRICAN","33923","33931","HorseBip Spine1","33932","1.0","33933"
"ART_DEF_UNIT_HEAVY_CAVALRY_AFRICAN","34588","34596","BIP Pelvis","34597","1.0","34598"
"ART_DEF_UNIT_HEAVY_SWORDSMAN_AFRICAN","34640","34648","BIP Pelvis","34649","1.0","34650"
"ART_DEF_UNIT_HIGHWAYMAN_AFRICAN","34657","34665","HorseBip Spine1","34666","1.0","34667"
"ART_DEF_UNIT_HORSE_ARCHER_AFRICAN","34691","34699","BIP Pelvis","34700","1.0","34701"
"ART_DEF_UNIT_HORSE_CROSSBOWMAN_AFRICAN","34709","34717","BIP Pelvis","34718","1.0","34719"
"ART_DEF_UNIT_HORSEMAN_AFRICAN","34727","34735","BIP Pelvis","34736","1.0","34737"
"ART_DEF_UNIT_KNIGHT_AFRICAN","34964","34972","BIP Pelvis","34973","1.0","34974"
"ART_DEF_UNIT_LANCER_AFRICAN","34981","34989","HorseBip Spine1","34990","1.0","34991"
"ART_DEF_UNIT_LIGHT_CAVALRY_AFRICAN","35066","35074","BIP Pelvis","35075","1.0","35076"
"ART_DEF_UNIT_MOUNTED_INFANTRY_AFRICAN","35707","35715","BIP Pelvis","35716","1.0","35717"
"ART_DEF_UNIT_OUTLAW_AFRICAN","35824","35832","HorseBip Spine1","35833","1.0","35834"
"ART_DEF_UNIT_TRENCH_CAVALRY_AFRICAN","36606","36614","HorseBip Spine1","36615","1.0","36616"
"ART_DEF_UNIT_ADVENTURER_MEAST","37125","37133","HorseBip Spine1","37134","1.0","37135"
"ART_DEF_UNIT_CAMEL_ARCHER_MEAST","37477","37485","BIP Pelvis","37486","1.0","37487"
"ART_DEF_UNIT_CARABINIER_MEAST","37495","37503","HorseBip Spine1","37504","1.0","37505"
"ART_DEF_UNIT_CAVALRY_MEAST","37512","37520","HorseBip Spine1","37521","1.0","37522"
"ART_DEF_UNIT_CHIVALRY_MEAST","37596","37603","BIP Pelvis","37604","1.0","37605"
"ART_DEF_UNIT_CUIRASSIER_MEAST","37753","37761","HorseBip Spine1","37762","1.0","37763"
"ART_DEF_UNIT_DRAGOON_MEAST","37800","37808","HorseBip Spine1","37809","1.0","37810"
"ART_DEF_UNIT_HEAVY_CAVALRY_MEAST","38328","38335","BIP Pelvis","38336","1.0","38337"
"ART_DEF_UNIT_HEAVY_SWORDSMAN_MEAST","38362","38370","BIP Pelvis","38371","1.0","38372"
"ART_DEF_UNIT_HIGHWAYMAN_MEAST","38379","38387","HorseBip Spine1","38388","1.0","38389"
"ART_DEF_UNIT_HORSE_ARCHER_MEAST","38396","38404","BIP Pelvis","38405","1.0","38406"
"ART_DEF_UNIT_HORSE_CROSSBOWMAN_MEAST","38414","38422","BIP Pelvis","38423","1.0","38424"
"ART_DEF_UNIT_KNIGHT_MEAST","38583","38591","BIP Pelvis","38592","1.0","38593"
"ART_DEF_UNIT_LANCER_MEAST","38600","38608","HorseBip Spine1","38609","1.0","38610"
"ART_DEF_UNIT_LIGHT_CAVALRY_MEAST","38668","38676","BIP Pelvis","38677","1.0","38678"
"ART_DEF_UNIT_MOUNTED_INFANTRY_MEAST","39326","39334","BIP Pelvis","39335","1.0","39336"
"ART_DEF_UNIT_OUTLAW_MEAST","39442","39450","HorseBip Spine1","39451","1.0","39452"
"ART_DEF_UNIT_TRENCH_CAVALRY_MEAST","40052","40060","HorseBip Spine1","40061","1.0","40062"
"ART_DEF_UNIT_ADVENTURER_MESO_AMERICAN","40555","40563","HorseBip Spine1","40564","1.0","40565"
"ART_DEF_UNIT_CARABINIER_MESO_AMERICAN","40870","40877","HorseBip Spine1","40878","1.0","40879"
"ART_DEF_UNIT_CAVALRY_MESO_AMERICAN","40922","40930","HorseBip Spine1","40931","1.0","40932"
"ART_DEF_UNIT_CUIRASSIER_MESO_AMERICAN","41108","41115","HorseBip Spine1","41116","1.0","41117"
"ART_DEF_UNIT_HEAVY_CAVALRY_MESO_AMERICAN","41433","41441","BIP Pelvis","41442","1.0","41443"
"ART_DEF_UNIT_HEAVY_SWORDSMAN_MESO_AMERICAN","41467","41475","BIP Pelvis","41476","1.0","41477"
"ART_DEF_UNIT_HIGHWAYMAN_MESO_AMERICAN","41484","41492","HorseBip Spine1","41493","1.0","41494"
"ART_DEF_UNIT_HORSE_ARCHER_MESO_AMERICAN","41501","41509","BIP Pelvis","41510","1.0","41511"
"ART_DEF_UNIT_HORSEMAN_MESO_AMERICAN","41519","41527","HorseBip Spine1","41528","1.0","41529"
"ART_DEF_UNIT_LIGHT_CAVALRY_MESO_AMERICAN","41688","41696","BIP Pelvis","41697","1.0","41698"
"ART_DEF_UNIT_MAILED_KNIGHT_MESO_AMERICAN","41775","41783","BIP Pelvis","41784","1.0","41785"
"ART_DEF_UNIT_MOUNTED_INFANTRY_MESO_AMERICA","42196","42204","BIP Pelvis","42205","1.0","42206"
"ART_DEF_UNIT_TRENCH_CAVALRY_MESO_AMERICAN","42684","42692","HorseBip Spine1","42693","1.0","42694"
"ART_DEF_UNIT_ADVENTURER_EGYPTIAN","43036","43044","HorseBip Spine1","43045","1.0","43046"
"ART_DEF_UNIT_BANDIT_RIDER_EGYPTIAN","43210","43218","HorseBip Spine1","43219","1.0","43220"
"ART_DEF_UNIT_CAMEL_ARCHER_EGYPTIAN","43262","43270","BIP Pelvis","43271","1.0","43272"
"ART_DEF_UNIT_CAMEL_KNIGHT_EGYPTIAN","43280","43288","BIP Pelvis","43289","1.0","43290"
"ART_DEF_UNIT_CAMEL_RIDER_EGYPTIAN","43297","43304","MD","43305","0.7","43306"
"ART_DEF_UNIT_CARABINIER_EGYPTIAN","43343","43351","HorseBip Spine1","43352","1.0","43353"
"ART_DEF_UNIT_CAVALRY_EGYPTIAN","43360","43368","HorseBip Spine1","43369","1.0","43370"
"ART_DEF_UNIT_CHIVALRY_EGYPTIAN","43459","43467","BIP Pelvis","43468","1.0","43469"
"ART_DEF_UNIT_CUIRASSIER_EGYPTIAN","43563","43571","HorseBip Spine1","43572","1.0","43573"
"ART_DEF_UNIT_DRAGOON_EGYPTIAN","43610","43618","HorseBip Spine1","43619","1.0","43620"
"ART_DEF_UNIT_HEAVY_CAVALRY_EGYPTIAN","44044","44052","BIP Pelvis","44053","1.0","44054"
"ART_DEF_UNIT_HEAVY_SWORDSMAN_EGYPTIAN","44096","44104","BIP Pelvis","44105","1.0","44106"
"ART_DEF_UNIT_HORSE_CROSSBOWMAN_EGYPTIAN","44113","44121","BIP Pelvis","44122","1.0","44123"
"ART_DEF_UNIT_HORSEMAN_EGYPTIAN","44131","44139","HorseBip Spine1","44140","1.0","44141"
"ART_DEF_UNIT_KNIGHT_EGYPTIAN","44199","44207","BIP Pelvis","44208","1.0","44209"
"ART_DEF_UNIT_LANCER_EGYPTIAN","44216","44224","HorseBip Spine1","44225","1.0","44226"
"ART_DEF_UNIT_LIGHT_CAVALRY_EGYPTIAN","44250","44258","BIP Pelvis","44259","1.0","44260"
"ART_DEF_UNIT_MOUNTED_INFANTRY_EGYPTIAN","44505","44513","BIP Pelvis","44514","1.0","44515"
"ART_DEF_UNIT_CARABINIER_DENMARK","45301","45309","HorseBip Spine1","45310","1.0","45311"
"ART_DEF_UNIT_HEAVY_SWORDSMAN_DENMARK","45415","45423","BIP Pelvis","45424","1.0","45425"
"ART_DEF_UNIT_KNIGHT_DENMARK","45432","45440","HorseBip Spine1","45441","1.0","45442"
"ART_DEF_UNIT_ADVENTURER_INDIA","45753","45761","HorseBip Spine1","45762","1.0","45763"
"ART_DEF_UNIT_BANDIT_RIDER_INDIA","46002","46010","HorseBip Spine1","46011","1.0","46012"
"ART_DEF_UNIT_CAMEL_ARCHER_INDIA","46104","46112","BIP Pelvis","46113","1.0","46114"
"ART_DEF_UNIT_CAMEL_KNIGHT_INDIA","46122","46130","BIP Pelvis","46131","1.0","46132"
"ART_DEF_UNIT_CAMEL_RIDER_INDIA","46139","46146","MD","46147","0.7","46148"
"ART_DEF_UNIT_CARABINIER_INDIA","46185","46193","HorseBip Spine1","46194","1.0","46195"
"ART_DEF_UNIT_CAVALRY_INDIA","46202","46210","HorseBip Spine1","46211","1.0","46212"
"ART_DEF_UNIT_CUIRASSIER_INDIA","46423","46431","HorseBip Spine1","46432","1.0","46433"
"ART_DEF_UNIT_DRAGOON_INDIA","46440","46448","HorseBip Spine1","46449","1.0","46450"
"ART_DEF_UNIT_HEAVY_CAVALRY_INDIA","46870","46877","BIP Pelvis","46878","1.0","46879"
"ART_DEF_UNIT_HEAVY_SWORDSMAN_INDIA","46921","46929","BIP Pelvis","46930","1.0","46931"
"ART_DEF_UNIT_HIGHWAYMAN_INDIA","46938","46946","HorseBip Spine1","46947","1.0","46948"
"ART_DEF_UNIT_HORSE_ARCHER_INDIA","46955","46963","BIP Pelvis","46964","1.0","46965"
"ART_DEF_UNIT_HORSEMAN_INDIA","46973","46981","HorseBip Spine1","46982","1.0","46983"
"ART_DEF_UNIT_KNIGHT_INDIA","47141","47149","BIP Pelvis","47150","1.0","47151"
"ART_DEF_UNIT_LANCER_INDIA","47158","47166","HorseBip Spine1","47167","1.0","47168"
"ART_DEF_UNIT_LIGHT_CAVALRY_INDIA","47192","47200","BIP Pelvis","47201","1.0","47202"
"ART_DEF_UNIT_CHIVALRY_INDIA","47279","47287","BIP Pelvis","47288","1.0","47289"
"ART_DEF_UNIT_MOUNTED_INFANTRY_INDIA","47782","47790","BIP Pelvis","47791","1.0","47792"
"ART_DEF_UNIT_OUTLAW_INDIA","47881","47889","HorseBip Spine1","47890","1.0","47891"
"ART_DEF_UNIT_TRENCH_CAVALRY_INDIA","48417","48425","HorseBip Spine1","48426","1.0","48427"
"ART_DEF_UNIT_CAMEL_ARCHER_GREEK","49013","49021","BIP Pelvis","49022","1.0","49023"
"ART_DEF_UNIT_CARABINIER_GREEK","49061","49069","HorseBip Spine1","49070","1.0","49071"
"ART_DEF_UNIT_CAVALRY_GREEK","49078","49086","HorseBip Spine1","49087","1.0","49088"
"ART_DEF_UNIT_DRAGOON_GREEK","49267","49275","HorseBip Spine1","49276","1.0","49277"
"ART_DEF_UNIT_HEAVY_CAVALRY_GREEK","49653","49661","BIP Pelvis","49662","1.0","49663"
"ART_DEF_UNIT_HEAVY_SWORDSMAN_GREEK","49705","49713","BIP Pelvis","49714","1.0","49715"
"ART_DEF_UNIT_HORSE_ARCHER_GREEK","49722","49730","BIP Pelvis","49731","1.0","49732"
"ART_DEF_UNIT_HORSE_CROSSBOWMAN_GREEK","49740","49748","BIP Pelvis","49749","1.0","49750"
"ART_DEF_UNIT_HORSEMAN_GREEK","49758","49766","HorseBip Spine1","49767","1.0","49768"
"ART_DEF_UNIT_KNIGHT_GREEK","49909","49917","BIP Pelvis","49918","1.0","49919"
"ART_DEF_UNIT_LANCER_GREEK","49926","49934","HorseBip Spine1","49935","1.0","49936"
"ART_DEF_UNIT_LIGHT_CAVALRY_GREEK","49943","49950","BIP Pelvis","49951","1.0","49952"
"ART_DEF_UNIT_CHIVALRY_GREEK","50046","50054","BIP Pelvis","50055","1.0","50056"
"ART_DEF_UNIT_MOUNTED_INFANTRY_GREEK","50480","50488","BIP Pelvis","50489","1.0","50490"
"ART_DEF_UNIT_TRENCH_CAVALRY_GREEK","50994","51002","HorseBip Spine1","51003","1.0","51004"
"ART_DEF_UNIT_CARABINIER_GERMAN","51596","51604","HorseBip Spine1","51605","1.0","51606"
"ART_DEF_UNIT_CAVALRY_GERMAN","51648","51656","HorseBip Spine1","51657","1.0","51658"
"ART_DEF_UNIT_CHIVALRY_GERMAN","51764","51771","HorseBip Spine1","51772","1.0","51773"
"ART_DEF_UNIT_CUIRASSIER_GERMAN","51885","51893","HorseBip Spine1","51894","1.0","51895"
"ART_DEF_UNIT_DRAGOON_GERMAN","51902","51910","HorseBip Spine1","51911","1.0","51912"
"ART_DEF_UNIT_HEAVY_CAVALRY_GERMAN","52252","52260","BIP Pelvis","52261","1.0","52262"
"ART_DEF_UNIT_HEAVY_SWORDSMAN_GERMAN","52286","52294","BIP Pelvis","52295","1.0","52296"
"ART_DEF_UNIT_HORSE_ARCHER_GERMAN","52336","52344","BIP Pelvis","52345","1.0","52346"
"ART_DEF_UNIT_HORSE_CROSSBOWMAN_GERMAN","52354","52362","BIP Pelvis","52363","1.0","52364"
"ART_DEF_UNIT_HORSEMAN_GERMAN","52372","52380","HorseBip Spine1","52381","1.0","52382"
"ART_DEF_UNIT_KNIGHT_GERMAN","52506","52514","BIP Pelvis","52515","1.0","52516"
"ART_DEF_UNIT_LANCER_GERMAN","52523","52531","HorseBip Spine1","52532","1.0","52533"
"ART_DEF_UNIT_MOUNTED_INFANTRY_GERMAN","52915","52923","BIP Pelvis","52924","1.0","52925"
"ART_DEF_UNIT_TRENCH_CAVALRY_GERMAN","53331","53339","HorseBip Spine1","53340","1.0","53341"
"ART_DEF_UNIT_CAVALRY_IROQUOIS","53595","53603","HorseBip Spine1","53604","1.0","53605"
"ART_DEF_UNIT_HORSE_ARCHER_IROQUOIS","53696","53704","BIP Pelvis","53705","1.0","53706"
"ART_DEF_UNIT_HEAVY_CAVALRY_BYZANTINE","53919","53927","BIP Pelvis","53928","1.0","53929"
"ART_DEF_UNIT_HEAVY_PIKEMAN_BYZANTINE","53936","53943","BIP Pelvis","53944","1.0","53945"
"ART_DEF_UNIT_HEAVY_SWORDSMAN_BYZANTINE","53952","53960","BIP Pelvis","53961","1.0","53962"
"ART_DEF_UNIT_MOUNTED_INFANTRY_BYZANTINE","53986","53993","BIP Pelvis","53994","1.0","53995"
"ART_DEF_UNIT_CHIVALRY_AMERICA","54112","54120","BIP Pelvis","54121","1.0","54122"
"ART_DEF_UNIT_HEAVY_PIKEMAN_AMERICA","54253","54261","BIP Pelvis","54262","1.0","54263"
"ART_DEF_UNIT_HEAVY_SWORDSMAN_AMERICA","54270","54278","BIP Pelvis","54279","1.0","54280"
"ART_DEF_UNIT_MOUNTED_INFANTRY_AMERICA","54391","54399","BIP Pelvis","54400","1.0","54401"
"ART_DEF_UNIT_CAVALRY_FRENCH","54484","54492","HorseBip Spine1","54493","1.0","54494"
"ART_DEF_UNIT_CHIVALRY_FRENCH","54602","54609","HorseBip Spine1","54610","1.0","54611"
"ART_DEF_UNIT_KNIGHT_DUTCH","54924","54932","BIP Pelvis","54933","1.0","54934"
"ART_DEF_UNIT_LIGHT_CAVALRY_DUTCH","54941","54949","BIP Pelvis","54950","1.0","54951"
"ART_DEF_UNIT_CAVALRY_AUSTRALIA","55178","55186","HorseBip Spine1","55187","1.0","55188"
"ART_DEF_UNIT_HORSEMAN_AUSTRALIA","55249","55257","BIP Pelvis","55258","1.0","55259"
"ART_DEF_UNIT_TRENCH_CAVALRY_AUSTRALIA","55370","55378","HorseBip Spine1","55379","1.0","55380"
"ART_DEF_UNIT_ADVENTURER_BABYLON","55490","55498","HorseBip Spine1","55499","1.0","55500"
"ART_DEF_UNIT_BANDIT_RIDER_BABYLON","55619","55627","HorseBip Spine1","55628","1.0","55629"
"ART_DEF_UNIT_CARABINIER_BABYLON","55700","55708","HorseBip Spine1","55709","1.0","55710"
"ART_DEF_UNIT_CAVALRY_BABYLON","55717","55725","HorseBip Spine1","55726","1.0","55727"
"ART_DEF_UNIT_CUIRASSIER_BABYLON","55869","55877","HorseBip Spine1","55878","1.0","55879"
"ART_DEF_UNIT_DRAGOON_BABYLON","55886","55894","HorseBip Spine1","55895","1.0","55896"
"ART_DEF_UNIT_HEAVY_CAVALRY_BABYLON","56185","56193","BIP Pelvis","56194","1.0","56195"
"ART_DEF_UNIT_HEAVY_SWORDSMAN_BABYLON","56237","56245","BIP Pelvis","56246","1.0","56247"
"ART_DEF_UNIT_HORSE_ARCHER_BABYLON","56254","56262","BIP Pelvis","56263","1.0","56264"
"ART_DEF_UNIT_HORSE_CROSSBOWMAN_BABYLON","56272","56280","BIP Pelvis","56281","1.0","56282"
"ART_DEF_UNIT_HORSEMAN_BABYLON","56290","56298","HorseBip Spine1","56299","1.0","56300"
"ART_DEF_UNIT_KNIGHT_BABYLON","56391","56399","BIP Pelvis","56400","1.0","56401"
"ART_DEF_UNIT_LANCER_BABYLON","56408","56416","HorseBip Spine1","56417","1.0","56418"
"ART_DEF_UNIT_LIGHT_CAVALRY_BABYLON","56442","56449","BIP Pelvis","56450","1.0","56451"
"ART_DEF_UNIT_CHIVALRY_BABYLON","56545","56553","BIP Pelvis","56554","1.0","56555"
"ART_DEF_UNIT_MOUNTED_INFANTRY_BABYLON","56828","56836","BIP Pelvis","56837","1.0","56838"
"ART_DEF_UNIT_PIKEMAN_BABYLON","56946","56954","BIP Pelvis","56955","1.0","56956"
"ART_DEF_UNIT_TRENCH_CAVALRY_BABYLON","57287","57295","HorseBip Spine1","57296","1.0","57297"
"ART_DEF_UNIT_ADVENTURER_MONGOL","57668","57676","HorseBip Spine1","57677","1.0","57678"
"ART_DEF_UNIT_CARABINIER_MONGOL","57981","57989","HorseBip Spine1","57990","1.0","57991"
"ART_DEF_UNIT_CAVALRY_MONGOL","57998","58006","HorseBip Spine1","58007","1.0","58008"
"ART_DEF_UNIT_CUIRASSIER_MONGOL","58167","58175","HorseBip Spine1","58176","1.0","58177"
"ART_DEF_UNIT_DRAGOON_MONGOL","58184","58192","HorseBip Spine1","58193","1.0","58194"
"ART_DEF_UNIT_HEAVY_CAVALRY_MONGOL","58493","58501","BIP Pelvis","58502","1.0","58503"
"ART_DEF_UNIT_HEAVY_SWORDSMAN_MONGOL","58545","58553","BIP Pelvis","58554","1.0","58555"
"ART_DEF_UNIT_HORSEMAN_MONGOL","58562","58570","HorseBip Spine1","58571","1.0","58572"
"ART_DEF_UNIT_KNIGHT_MONGOL","58696","58704","BIP Pelvis","58705","1.0","58706"
"ART_DEF_UNIT_LANCER_MONGOL","58713","58721","HorseBip Spine1","58722","1.0","58723"
"ART_DEF_UNIT_LIGHT_CAVALRY_MONGOL","58730","58737","BIP Pelvis","58738","1.0","58739"
"ART_DEF_UNIT_CHIVALRY_MONGOL","58851","58859","BIP Pelvis","58860","1.0","58861"
"ART_DEF_UNIT_MOUNTED_INFANTRY_MONGOL","59184","59192","BIP Pelvis","59193","1.0","59194"
"ART_DEF_UNIT_OUTLAW_MONGOL","59283","59291","HorseBip Spine1","59292","1.0","59293"
"ART_DEF_UNIT_PIKEMAN_MONGOL","59353","59361","BIP Pelvis","59362","1.0","59363"
"ART_DEF_UNIT_TRENCH_CAVALRY_MONGOL","59781","59789","HorseBip Spine1","59790","1.0","59791"
"ART_DEF_UNIT_CARABINIER_ROME","60263","60271","HorseBip Spine1","60272","1.0","60273"
"ART_DEF_UNIT_CAVALRY_ROMAN","60280","60288","HorseBip Spine1","60289","1.0","60290"
"ART_DEF_UNIT_CUIRASSIER_ROME","60449","60457","HorseBip Spine1","60458","1.0","60459"
"ART_DEF_UNIT_DRAGOON_ROME","60466","60474","HorseBip Spine1","60475","1.0","60476"
"ART_DEF_UNIT_HEAVY_CAVALRY_ROME","60772","60779","BIP Pelvis","60780","1.0","60781"
"ART_DEF_UNIT_HEAVY_SWORDSMAN_ROMAN","60823","60831","BIP Pelvis","60832","1.0","60833"
"ART_DEF_UNIT_HORSEMAN_ROME","60840","60848","HorseBip Spine1","60849","1.0","60850"
"ART_DEF_UNIT_KNIGHT_ROME","60925","60933","BIP Pelvis","60934","1.0","60935"
"ART_DEF_UNIT_LANCER_ROME","60942","60950","HorseBip Spine1","60951","1.0","60952"
"ART_DEF_UNIT_LIGHT_CAVALRY_ROME","60959","60966","BIP Pelvis","60967","1.0","60968"
"ART_DEF_UNIT_CHIVALRY_ROME","61094","61102","BIP Pelvis","61103","1.0","61104"
"ART_DEF_UNIT_MOUNTED_INFANTRY_ROME","61285","61293","BIP Pelvis","61294","1.0","61295"
"ART_DEF_UNIT_TRENCH_CAVALRY_ROME","61614","61622","HorseBip Spine1","61623","1.0","61624"
"ART_DEF_UNIT_CAVALRY_CARTHAGE","61933","61941","HorseBip Spine1","61942","1.0","61943"
"ART_DEF_UNIT_CUIRASSIER_CARTHAGE","62052","62059","HorseBip Spine1","62060","1.0","62061"
"ART_DEF_UNIT_HEAVY_CAVALRY_CARTHAGE","62132","62139","BIP Pelvis","62140","1.0","62141"
"ART_DEF_UNIT_HEAVY_PIKEMAN_CARTHAGE","62165","62172","BIP Pelvis","62173","1.0","62174"
"ART_DEF_UNIT_HEAVY_SWORDSMAN_CARTHAGE","62181","62189","BIP Pelvis","62190","1.0","62191"
"ART_DEF_UNIT_HORSE_ARCHER_CARTHAGE","62198","62206","BIP Pelvis","62207","1.0","62208"
"ART_DEF_UNIT_HORSEMAN_CARTHAGE","62216","62224","HorseBip Spine1","62225","1.0","62226"
"ART_DEF_UNIT_KNIGHT_CARTHAGE","62250","62258","BIP Pelvis","62259","1.0","62260"
"ART_DEF_UNIT_LIGHT_CAVALRY_CARTHAGE","62267","62275","BIP Pelvis","62276","1.0","62277"
"ART_DEF_UNIT_MOUNTED_INFANTRY_CARTHAGE","62426","62433","BIP Pelvis","62434","1.0","62435"
"ART_DEF_UNIT_CAVALRY_CELTIC","62699","62707","HorseBip Spine1","62708","1.0","62709"
"ART_DEF_UNIT_CUIRASSIER_CELTIC","62820","62827","HorseBip Spine1","62828","1.0","62829"
"ART_DEF_UNIT_HEAVY_CAVALRY_CELTIC","62888","62895","BIP Pelvis","62896","1.0","62897"
"ART_DEF_UNIT_HEAVY_PIKEMAN_CELTIC","62904","62911","BIP Pelvis","62912","1.0","62913"
"ART_DEF_UNIT_HEAVY_SWORDSMAN_CELTIC","62920","62928","BIP Pelvis","62929","1.0","62930"
"ART_DEF_UNIT_HORSE_ARCHER_CELTIC","62937","62945","BIP Pelvis","62946","1.0","62947"
"ART_DEF_UNIT_HORSEMAN_CELTIC","62955","62963","HorseBip Spine1","62964","1.0","62965"
"ART_DEF_UNIT_KNIGHT_CELTIC","62990","62998","BIP Pelvis","62999","1.0","63000"
"ART_DEF_UNIT_MOUNTED_INFANTRY_CELTIC","63131","63138","BIP Pelvis","63139","1.0","63140"
"ART_DEF_UNIT_TRENCH_CAVALRY_CELTIC","63373","63381","HorseBip Spine1","63382","1.0","63383"
"ART_DEF_UNIT_BANDIT_RIDER_JAPAN","63619","63627","HorseBip Spine1","63628","1.0","63629"
"ART_DEF_UNIT_CARABINIER_JAPAN","63720","63728","HorseBip Spine1","63729","1.0","63730"
"ART_DEF_UNIT_CAVALRY_JAPAN","63737","63745","HorseBip Spine1","63746","1.0","63747"
"ART_DEF_UNIT_CUIRASSIER_JAPAN","63855","63862","HorseBip Spine1","63863","1.0","63864"
"ART_DEF_UNIT_HEAVY_PIKEMAN_JAPAN","64016","64023","BIP Pelvis","64024","1.0","64025"
"ART_DEF_UNIT_HEAVY_SWORDSMAN_JAPAN","64032","64040","BIP Pelvis","64041","1.0","64042"
"ART_DEF_UNIT_HORSEMAN_JAPAN","64049","64057","HorseBip Spine1","64058","1.0","64059"
"ART_DEF_UNIT_KNIGHT_JAPAN","64084","64092","BIP Pelvis","64093","1.0","64094"
"ART_DEF_UNIT_LANCER_JAPAN","64101","64109","HorseBip Spine1","64110","1.0","64111"
"ART_DEF_UNIT_LIGHT_CAVALRY_JAPAN","64118","64125","BIP Pelvis","64126","1.0","64127"
"ART_DEF_UNIT_TRENCH_CAVALRY_JAPAN","64505","64513","HorseBip Spine1","64514","1.0","64515"
"ART_DEF_UNIT_CARABINIER_KHMER","64799","64807","HorseBip Spine1","64808","1.0","64809"
"ART_DEF_UNIT_CAVALRY_KHMER","64816","64824","HorseBip Spine1","64825","1.0","64826"
"ART_DEF_UNIT_CUIRASSIER_KHMER","64884","64891","HorseBip Spine1","64892","1.0","64893"
"ART_DEF_UNIT_HEAVY_CAVALRY_KHMER","64986","64993","BIP Pelvis","64994","1.0","64995"
"ART_DEF_UNIT_HEAVY_PIKEMAN_KHMER","65019","65026","BIP Pelvis","65027","1.0","65028"
"ART_DEF_UNIT_HEAVY_SWORDSMAN_KHMER","65035","65043","BIP Pelvis","65044","1.0","65045"
"ART_DEF_UNIT_HORSEMAN_KHMER","65052","65060","HorseBip Spine1","65061","1.0","65062"
"ART_DEF_UNIT_KNIGHT_KHMER","65103","65111","BIP Pelvis","65112","1.0","65113"
"ART_DEF_UNIT_LIGHT_CAVALRY_KHMER","65120","65128","BIP Pelvis","65129","1.0","65130"
"ART_DEF_UNIT_MAILED_KNIGHT_KHMER","65208","65216","BIP Pelvis","65217","1.0","65218"
"ART_DEF_UNIT_MOUNTED_INFANTRY_KHMER","65258","65265","BIP Pelvis","65266","1.0","65267"
"ART_DEF_UNIT_CARABINIER_KOREA","65619","65627","HorseBip Spine1","65628","1.0","65629"
"ART_DEF_UNIT_CAVALRY_KOREA","65636","65644","HorseBip Spine1","65645","1.0","65646"
"ART_DEF_UNIT_CUIRASSIER_KOREA","65722","65729","HorseBip Spine1","65730","1.0","65731"
"ART_DEF_UNIT_HEAVY_CAVALRY_KOREA","65808","65815","BIP Pelvis","65816","1.0","65817"
"ART_DEF_UNIT_HEAVY_PIKEMAN_KOREA","65841","65848","BIP Pelvis","65849","1.0","65850"
"ART_DEF_UNIT_HEAVY_SWORDSMAN_KOREA","65857","65865","BIP Pelvis","65866","1.0","65867"
"ART_DEF_UNIT_HORSE_ARCHER_KOREA","65874","65882","BIP Pelvis","65883","1.0","65884"
"ART_DEF_UNIT_KNIGHT_KOREA","65892","65900","BIP Pelvis","65901","1.0","65902"
"ART_DEF_UNIT_MOUNTED_INFANTRY_KOREA","65978","65985","BIP Pelvis","65986","1.0","65987"
"ART_DEF_UNIT_CARABINIER_MALI","66364","66372","HorseBip Spine1","66373","1.0","66374"
"ART_DEF_UNIT_CAVALRY_MALI","66381","66389","HorseBip Spine1","66390","1.0","66391"
"ART_DEF_UNIT_HEAVY_CAVALRY_MALI","66532","66540","BIP Pelvis","66541","1.0","66542"
"ART_DEF_UNIT_HEAVY_SWORDSMAN_MALI","66601","66609","BIP Pelvis","66610","1.0","66611"
"ART_DEF_UNIT_HORSEMAN_MALI","66618","66626","HorseBip Spine1","66627","1.0","66628"
"ART_DEF_UNIT_KNIGHT_MALI","66653","66661","BIP Pelvis","66662","1.0","66663"
"ART_DEF_UNIT_LIGHT_CAVALRY_MALI","66670","66677","BIP Pelvis","66678","1.0","66679"
"ART_DEF_UNIT_MAILED_KNIGHT_MALI","66739","66747","BIP Pelvis","66748","1.0","66749"
"ART_DEF_UNIT_ADVENTURER_NUBIA","67036","67044","HorseBip Spine1","67045","1.0","67046"
"ART_DEF_UNIT_CARABINIER_NUBIA","67118","67126","HorseBip Spine1","67127","1.0","67128"
"ART_DEF_UNIT_CAVALRY_NUBIA","67135","67143","HorseBip Spine1","67144","1.0","67145"
"ART_DEF_UNIT_HEAVY_CAVALRY_NUBIA","67302","67310","BIP Pelvis","67311","1.0","67312"
"ART_DEF_UNIT_HORSE_ARCHER_NUBIA","67353","67361","BIP Pelvis","67362","1.0","67363"
"ART_DEF_UNIT_HORSEMAN_NUBIA","67371","67379","HorseBip Spine1","67380","1.0","67381"
"ART_DEF_UNIT_LIGHT_CAVALRY_NUBIA","67406","67414","BIP Pelvis","67415","1.0","67416"
"ART_DEF_UNIT_MAILED_KNIGHT_NUBIA","67476","67484","BIP Pelvis","67485","1.0","67486"
"ART_DEF_UNIT_MOUNTED_INFANTRY_NUBIA","67509","67516","BIP Pelvis","67517","1.0","67518"
"ART_DEF_UNIT_TRENCH_CAVALRY_NUBIA","67698","67706","HorseBip Spine1","67707","1.0","67708"
"ART_DEF_UNIT_CARABINIER_OTTOMAN","67835","67843","HorseBip Spine1","67844","1.0","67845"
"ART_DEF_UNIT_CAVALRY_OTTOMAN","67852","67860","HorseBip Spine1","67861","1.0","67862"
"ART_DEF_UNIT_CUIRASSIER_OTTOMAN","67986","67994","HorseBip Spine1","67995","1.0","67996"
"ART_DEF_UNIT_DRAGOON_OTTOMAN","68003","68011","HorseBip Spine1","68012","1.0","68013"
"ART_DEF_UNIT_HEAVY_CAVALRY_OTTOMAN","68123","68131","BIP Pelvis","68132","1.0","68133"
"ART_DEF_UNIT_HEAVY_SWORDSMAN_OTTOMAN","68174","68182","BIP Pelvis","68183","1.0","68184"
"ART_DEF_UNIT_HORSE_ARCHER_OTTOMAN","68191","68199","BIP Pelvis","68200","1.0","68201"
"ART_DEF_UNIT_KNIGHT_OTTOMAN","68227","68235","BIP Pelvis","68236","1.0","68237"
"ART_DEF_UNIT_LIGHT_CAVALRY_OTTOMAN","68244","68252","BIP Pelvis","68253","1.0","68254"
"ART_DEF_UNIT_MAILED_KNIGHT_OTTOMAN","68332","68340","BIP Pelvis","68341","1.0","68342"
"ART_DEF_UNIT_MOUNTED_INFANTRY_OTTOMAN","68401","68409","BIP Pelvis","68410","1.0","68411"
"ART_DEF_UNIT_TRENCH_CAVALRY_OTTOMAN","68558","68566","HorseBip Spine1","68567","1.0","68568"
"ART_DEF_UNIT_ADVENTURER_POLYNESIA","68699","68707","HorseBip Spine1","68708","1.0","68709"
"ART_DEF_UNIT_CARABINIER_POLYNESIA","68939","68947","HorseBip Spine1","68948","1.0","68949"
"ART_DEF_UNIT_CAVALRY_POLYNESIA","68956","68964","HorseBip Spine1","68965","1.0","68966"
"ART_DEF_UNIT_CUIRASSIER_POLYNESIA","69124","69132","HorseBip Spine1","69133","1.0","69134"
"ART_DEF_UNIT_DRAGOON_POLYNESIA","69141","69149","HorseBip Spine1","69150","1.0","69151"
"ART_DEF_UNIT_HEAVY_CAVALRY_POLYNESIA","69391","69399","BIP Pelvis","69400","1.0","69401"
"ART_DEF_UNIT_HEAVY_SWORDSMAN_POLYNESIA","69460","69468","BIP Pelvis","69469","1.0","69470"
"ART_DEF_UNIT_HORSE_ARCHER_POLYNESIA","69477","69485","BIP Pelvis","69486","1.0","69487"
"ART_DEF_UNIT_HORSE_CROSSBOWMAN_POLYNESIA","69495","69503","BIP Pelvis","69504","1.0","69505"
"ART_DEF_UNIT_HORSEMAN_POLYNESIA","69513","69521","HorseBip Spine1","69522","1.0","69523"
"ART_DEF_UNIT_KNIGHT_POLYNESIA","69598","69606","BIP Pelvis","69607","1.0","69608"
"ART_DEF_UNIT_LANCER_POLYNESIA","69615","69623","HorseBip Spine1","69624","1.0","69625"
"ART_DEF_UNIT_LIGHT_CAVALRY_POLYNESIA","69632","69640","BIP Pelvis","69641","1.0","69642"
"ART_DEF_UNIT_MAILED_KNIGHT_POLYNESIA","69720","69728","BIP Pelvis","69729","1.0","69730"
"ART_DEF_UNIT_MOUNTED_INFANTRY_POLYNESIA","69945","69953","BIP Pelvis","69954","1.0","69955"
"ART_DEF_UNIT_TRENCH_CAVALRY_POLYNESIA","70341","70349","HorseBip Spine1","70350","1.0","70351"
"ART_DEF_UNIT_ADVENTURER_RUSSIAN","70604","70612","HorseBip Spine1","70613","1.0","70614"
"ART_DEF_UNIT_CARABINIER_RUSSIAN","70816","70824","HorseBip Spine1","70825","1.0","70826"
"ART_DEF_UNIT_CAVALRY_RUSSIAN","70868","70876","HorseBip Spine1","70877","1.0","70878"
"ART_DEF_UNIT_CUIRASSIER_RUSSIAN","70984","70992","HorseBip Spine1","70993","1.0","70994"
"ART_DEF_UNIT_HEAVY_CAVALRY_RUSSIAN","71255","71263","BIP Pelvis","71264","1.0","71265"
"ART_DEF_UNIT_HEAVY_SWORDSMAN_RUSSIAN","71306","71314","BIP Pelvis","71315","1.0","71316"
"ART_DEF_UNIT_HIGHWAYMAN_RUSSIAN","71356","71364","HorseBip Spine1","71365","1.0","71366"
"ART_DEF_UNIT_HORSE_ARCHER_RUSSIAN","71373","71381","BIP Pelvis","71382","1.0","71383"
"ART_DEF_UNIT_HORSEMAN_RUSSIAN","71391","71399","HorseBip Spine1","71400","1.0","71401"
"ART_DEF_UNIT_KNIGHT_RUSSIAN","71500","71508","BIP Pelvis","71509","1.0","71510"
"ART_DEF_UNIT_LANCER_RUSSIAN","71517","71525","HorseBip Spine1","71526","1.0","71527"
"ART_DEF_UNIT_LIGHT_CAVALRY_RUSSIAN","71534","71542","BIP Pelvis","71543","1.0","71544"
"ART_DEF_UNIT_MAILED_KNIGHT_RUSSIAN","71688","71696","BIP Pelvis","71697","1.0","71698"
"ART_DEF_UNIT_MOUNTED_INFANTRY_RUSSIAN","71883","71891","BIP Pelvis","71892","1.0","71893"
"ART_DEF_UNIT_TRENCH_CAVALRY_RUSSIAN","72194","72202","HorseBip Spine1","72203","1.0","72204"
"ART_DEF_UNIT_CARABINIER_SPANISH","72509","72517","HorseBip Spine1","72518","1.0","72519"
"ART_DEF_UNIT_CAVALRY_SPANISH","72526","72534","HorseBip Spine1","72535","1.0","72536"
"ART_DEF_UNIT_CUIRASSIER_SPANISH","72642","72650","HorseBip Spine1","72651","1.0","72652"
"ART_DEF_UNIT_HEAVY_CAVALRY_SPANISH","72763","72771","BIP Pelvis","72772","1.0","72773"
"ART_DEF_UNIT_HEAVY_SWORDSMAN_SPANISH","72815","72823","BIP Pelvis","72824","1.0","72825"
"ART_DEF_UNIT_HORSEMAN_SPANISH","72832","72840","HorseBip Spine1","72841","1.0","72842"
"ART_DEF_UNIT_KNIGHT_SPANISH","72867","72875","BIP Pelvis","72876","1.0","72877"
"ART_DEF_UNIT_LIGHT_CAVALRY_SPANISH","72884","72892","BIP Pelvis","72893","1.0","72894"
"ART_DEF_UNIT_MAILED_KNIGHT_SPANISH","72971","72979","BIP Pelvis","72980","1.0","72981"
"ART_DEF_UNIT_MOUNTED_INFANTRY_SPANISH","73022","73030","BIP Pelvis","73031","1.0","73032"
"ART_DEF_UNIT_ADVENTURER_VIKING","73216","73224","HorseBip Spine1","73225","1.0","73226"
"ART_DEF_UNIT_BANDIT_RIDER_VIKING","73303","73311","HorseBip Spine1","73312","1.0","73313"
"ART_DEF_UNIT_CARABINIER_VIKING","73386","73394","HorseBip Spine1","73395","1.0","73396"
"ART_DEF_UNIT_CAVALRY_VIKING","73403","73411","HorseBip Spine1","73412","1.0","73413"
"ART_DEF_UNIT_CUIRASSIER_VIKING","73488","73496","HorseBip Spine1","73497","1.0","73498"
"ART_DEF_UNIT_DRAGOON_VIKING","73505","73513","HorseBip Spine1","73514","1.0","73515"
"ART_DEF_UNIT_HEAVY_CAVALRY_VIKING","73711","73719","BIP Pelvis","73720","1.0","73721"
"ART_DEF_UNIT_HEAVY_PIKEMAN_VIKING","73728","73735","BIP Pelvis","73736","1.0","73737"
"ART_DEF_UNIT_HEAVY_SWORDSMAN_VIKING","73744","73752","BIP Pelvis","73753","1.0","73754"
"ART_DEF_UNIT_HORSEMAN_VIKING","73761","73769","HorseBip Spine1","73770","1.0","73771"
"ART_DEF_UNIT_KNIGHT_VIKING","73853","73861","BIP Pelvis","73862","1.0","73863"
"ART_DEF_UNIT_LIGHT_CAVALRY_VIKING","73870","73878","BIP Pelvis","73879","1.0","73880"
"ART_DEF_UNIT_MAILED_KNIGHT_VIKING","73976","73984","BIP Pelvis","73985","1.0","73986"
"ART_DEF_UNIT_AUGUSTINE_I","74519","74527","HorseBip Spine1","74528","1.0","74529"
"ART_DEF_UNIT_BUFFALO_HUMP","74537","74545","HorseBip Spine1","74546","1.0","74547"
"ART_DEF_UNIT_NAKHARAR","74727","74735","BIP Pelvis","74736","1.0","74737"
"ART_DEF_UNIT_MANCHU_HORSEARCHER","74781","74788","BIP Pelvis","74789","1.0","74790"
"ART_DEF_UNIT_UIGHUR_KNIGHT","74798","74805","BIP Pelvis","74806","1.0","74807"
"ART_DEF_UNIT_FULANI_CAVALRY","74865","74872","BIP Pelvis","74873","1.0","74874"
"ART_DEF_UNIT_SAVANNA_CAVALRY","74898","74906","BIP Pelvis","74907","1.0","74908"
"ART_DEF_UNIT_ELMETI","75017","75024","BIP Pelvis","75025","1.0","75026"
"ART_DEF_UNIT_TUAREG_CAMEL","75069","75077","BIP Pelvis","75078","1.0","75079"
"ART_DEF_UNIT_WINGED_CAVALRY","75086","75094","BIP Pelvis","75095","1.0","75096"
"ART_DEF_UNIT_HUSSAR","75121","75129","HorseBip Spine1","75130","1.0","75131"
"ART_DEF_UNIT_LLANERO","75156","75164","HorseBip Spine1","75165","1.0","75166"
"ART_DEF_UNIT_TARKAN","75174","75182","BIP Pelvis","75183","1.0","75184"
"ART_DEF_UNIT_RAJPUT","75278","75285","BIP Pelvis","75286","1.0","75287"
"ART_DEF_UNIT_MANDEKALU","75363","75371","BIP Pelvis","75372","1.0","75373"
"ART_DEF_UNIT_TURKOMAN","75397","75404","BIP Pelvis","75405","1.0","75406"
"ART_DEF_UNIT_GRIVPANVAR","75449","75457","BIP Pelvis","75458","1.0","75459"
"ART_DEF_UNIT_MAMBISE","75551","75559","HorseBip Spine1","75560","1.0","75561"
"ART_DEF_UNIT_BOER_CAVALRY","75569","75577","HorseBip Spine1","75578","1.0","75579"
"ART_DEF_UNIT_SAXON_RAIDER","75620","75628","BIP Pelvis","75629","1.0","75630"
"ART_DEF_UNIT_DAI_CHUI","75637","75645","BIP Pelvis","75646","1.0","75647"
"ART_DEF_UNIT_UHLAN","75707","75715","HorseBip Spine1","75716","1.0","75717"
"ART_DEF_UNIT_MANUELITO","75897","75905","HorseBip Spine1","75906","1.0","75907"
"ART_DEF_UNIT_SAKA_CATAPHRACT","77189","77197","BIP Pelvis","77198","1.0","77199"
"ART_DEF_UNIT_SAVARAN","77291","77299","BIP Pelvis","77300","1.0","77301"
"ART_DEF_UNIT_SCYTHIAN_HORSE_ARCHER","77308","77316","BIP Pelvis","77317","1.0","77318"
"ART_DEF_UNIT_CAMEL_CUIRASSIER","77586","77594","BIP Pelvis","77595","1.0","77596"
"ART_DEF_UNIT_CAMEL_CAVALRY","77604","77612","BIP Pelvis","77613","1.0","77614"
"ART_DEF_UNIT_CAMEL_TRENCH_CAVALRY","77622","77630","BIP Pelvis","77631","1.0","77632"
"ART_DEF_UNIT_AL_MANSUR","78265","78275","BIP Pelvis","78276","1.0","78277"
"ART_DEF_UNIT_APU_TAMBO","78351","78361","BIP Pelvis","78362","1.0","78363"
"ART_DEF_UNIT_RUHANGA","78390","78400","BIP Pelvis","78401","1.0","78402"
"ART_DEF_UNIT_KUSHAN_RIDER","78565","78574","BIP Pelvis","78575","1.0","78576"
"ART_DEF_UNIT_FAKHR_EL_DIN_II","78797","78807","BIP Pelvis","78808","1.0","78809"
"ART_DEF_UNIT_GARAMANTES","78817","78826","BIP Pelvis","78827","1.0","78828"
"ART_DEF_UNIT_SHOSHENQ_I","78836","78846","BIP Pelvis","78847","1.0","78848"
"ART_DEF_UNIT_PETYHORCY","78856","78865","BIP Pelvis","78866","1.0","78867"
"ART_DEF_UNIT_MINDAUGAS","78875","78885","BIP Pelvis","78886","1.0","78887"
"ART_DEF_UNIT_MAMELUK","79239","79248","BIP Pelvis","79249","1.0","79250"
"ART_DEF_UNIT_BARQUQ","79258","79268","BIP Pelvis","79269","1.0","79270"
"ART_DEF_UNIT_STEPPE_RIDER","79356","79365","BIP Pelvis","79366","1.0","79367"
"ART_DEF_UNIT_MAUES","79375","79385","BIP Pelvis","79386","1.0","79387"
"ART_DEF_UNIT_CYAXARES","79414","79424","BIP Pelvis","79425","1.0","79426"
"ART_DEF_UNIT_MOUNTED_GRENADIERS","79670","79679","HorseBip Spine1","79680","1.0","79681"
"ART_DEF_UNIT_PEDRO_DE_AGUADO","79884","79894","HorseBip Spine1","79895","1.0","79896"
"ART_DEF_UNIT_ALTAMIRANO","80004","80014","HorseBip Spine1","80015","1.0","80016"
"ART_DEF_UNIT_GOBIR_LANCER","80141","80150","BIP Pelvis","80151","1.0","80152"
"ART_DEF_UNIT_LAMBOGA","80199","80209","BIP Pelvis","80210","1.0","80211"
"ART_DEF_UNIT_NORMAN_KNIGHT","80257","80266","BIP Pelvis","80267","1.0","80268"
"ART_DEF_UNIT_ROLLO","80276","80286","BIP Pelvis","80287","1.0","80288"
"ART_DEF_UNIT_LOPHORON","80411","80421","HorseBip Spine1","80422","1.0","80423"
"ART_DEF_UNIT_PAIUTE_CAVALRY","80489","80498","HorseBip Spine1","80499","1.0","80500"
"ART_DEF_UNIT_VASCO_DE_BALBOA","80627","80637","HorseBip Spine1","80638","1.0","80639"
"ART_DEF_UNIT_JOSE_DE_FRANCIA","80666","80676","HorseBip Spine1","80677","1.0","80678"
"ART_DEF_UNIT_MAHSUD_ATTAN","80686","80695","BIP Pelvis","80696","1.0","80697"
"ART_DEF_UNIT_SHER_ALI_KHAN","80705","80715","HorseBip Spine1","80716","1.0","80717"
"ART_DEF_UNIT_PERUVIAN_CONQUISTADOR","80725","80734","HorseBip Spine1","80735","1.0","80736"
"ART_DEF_UNIT_AUGUSTO_LEGUIA","80744","80754","HorseBip Spine1","80755","1.0","80756"
"ART_DEF_UNIT_YAO_CHANG","81152","81161","BIP Pelvis","81162","1.0","81163"
"ART_DEF_UNIT_KANGXI","81256","81266","HorseBip Spine1","81267","1.0","81268"
"ART_DEF_UNIT_KHAGAN_CAVALRY","81354","81363","BIP Pelvis","81364","1.0","81365"
"ART_DEF_UNIT_KUBRAT","81373","81383","BIP Pelvis","81384","1.0","81385"
"ART_DEF_UNIT_STEFAN_RAZVAN","81529","81539","BIP Pelvis","81540","1.0","81541"
"ART_DEF_UNIT_ISMAIL_I","81606","81616","HorseBip Spine1","81617","1.0","81618"
"ART_DEF_UNIT_KANISHKA","81626","81636","HorseBip Spine1","81637","1.0","81638"
"ART_DEF_UNIT_REINDEER_RIDER","81646","81655","BIP Pelvis","81656","1.0","81657"
"ART_DEF_UNIT_SIPAHI","81802","81811","BIP Pelvis","81812","1.0","81813"
"ART_DEF_UNIT_ALP_ARSLAN","81825","81835","BIP Pelvis","81836","1.0","81837"
"ART_DEF_UNIT_FUNJ_CAVALRY","81923","81932","BIP Pelvis","81933","1.0","81934"
"ART_DEF_UNIT_AZAWAD_CAVALRY","82248","82257","BIP Pelvis","82258","1.0","82259"
"ART_DEF_UNIT_ASKIA","82267","82277","BIP Pelvis","82278","1.0","82279"
"ART_DEF_UNIT_MUHAMMAD_AHMAD","82306","82316","HorseBip Spine1","82317","1.0","82318"
"ART_DEF_UNIT_OMUCHTAN","82442","82451","HorseBip Spine1","82452","1.0","82453"
"ART_DEF_UNIT_KATIPUNAN_CAVALRY","82481","82490","HorseBip Spine1","82491","1.0","82492"
"ART_DEF_UNIT_GAOZONG","82637","82647","BIP Pelvis","82648","1.0","82649"
"ART_DEF_UNIT_ZAGON","82875","82884","BIP Pelvis","82885","1.0","82886"
"ART_DEF_UNIT_TUGAY_BEY","82894","82904","HorseBip Spine1","82905","1.0","82906"
"ART_DEF_UNIT_CAO_CAO","83027","83037","BIP Pelvis","83038","1.0","83039"
"ART_DEF_UNIT_HEAVY_TARKHAN","83047","83056","BIP Pelvis","83057","1.0","83058"
"ART_DEF_UNIT_TIMUR","83066","83076","BIP Pelvis","83077","1.0","83078"
"ART_DEF_UNIT_BACTRIAN_CATAPHRACT","83163","83172","BIP Pelvis","83173","1.0","83174"
"ART_DEF_UNIT_GUAYKURU","83202","83211","BIP Pelvis","83212","1.0","83213"
"ART_DEF_UNIT_KHINGILA_WARRIORS","83323","83332","HorseBip Spine1","83333","1.0","83334"
"ART_DEF_UNIT_CHAGATAI_KHAN","83342","83352","BIP Pelvis","83353","1.0","83354"
"ART_DEF_UNIT_ZAPOROZKI_KOZAK","83545","83554","HorseBip Spine1","83555","1.0","83556"
"ART_DEF_UNIT_HERNANDARIAS_REGIMENTO","83584","83593","BIP Pelvis","83594","1.0","83595"
"ART_DEF_UNIT_SHAYBANI","83699","83709","BIP Pelvis","83710","1.0","83711"
"ART_DEF_UNIT_SAUD_CAVALRY","83835","83844","HorseBip Spine1","83845","1.0","83846"
"ART_DEF_UNIT_VLAD_III_DRACULA","83893","83903","BIP Pelvis","83904","1.0","83905"
"ART_DEF_UNIT_VANDAL_PILLAGER","83913","83922","HorseBip Spine1","83923","1.0","83924"
"ART_DEF_UNIT_WARAY_RIDERS","83956","83965","HorseBip Spine1","83966","1.0","83967"
"ART_DEF_UNIT_WAYUU_CAVALRY","84112","84121","HorseBip Spine1","84122","1.0","84123"
"ART_DEF_UNIT_DAREN","84190","84199","BIP Pelvis","84200","1.0","84201"
"ART_DEF_UNIT_ZHUGE_KESHIK","84229","84238","BIP Pelvis","84239","1.0","84240"
"ART_DEF_UNIT_MARHATHEGNOZ","84750","84759","BIP Pelvis","84760","1.0","84761"
"ART_DEF_UNIT_HENRY_THE_LION","84769","84779","BIP Pelvis","84780","1.0","84781"
"ART_DEF_UNIT_MEHARISTS","84789","84798","BIP Pelvis","84799","1.0","84800"
"ART_DEF_UNIT_DE_SUCRE_DRAGOONS","84906","84915","BIP Pelvis","84916","1.0","84917"
"ART_DEF_UNIT_PALADIN","84945","84954","BIP Pelvis","84955","1.0","84956"
"ART_DEF_UNIT_BOYARS","85022","85031","BIP Pelvis","85032","1.0","85033"
"ART_DEF_UNIT_PHILIP_THE_BOLD","85060","85070","BIP Pelvis","85071","1.0","85072"
"ART_DEF_UNIT_AKSUM_MERCHANTS","85294","85303","HorseBip Spine1","85304","1.0","85305"
"ART_DEF_UNIT_ASVARAN_SARDAR","85623","85632","BIP Pelvis","85633","1.0","85634"
"ART_DEF_UNIT_MINGBURNU","85642","85652","HorseBip Spine1","85653","1.0","85654"
"ART_DEF_UNIT_OILAT_KESHIK","85974","85983","BIP Pelvis","85984","1.0","85985"
"ART_DEF_UNIT_SERU_EPENISA_CAKOBAU","86245","86255","HorseBip Spine1","86256","1.0","86257"
"ART_DEF_UNIT_BRABANT_MERCENARIES","86304","86313","BIP Pelvis","86314","1.0","86315"
"ART_DEF_UNIT_GAUCHO_CAVALRY","86475","86484","HorseBip Spine1","86485","1.0","86486"
"ART_DEF_UNIT_JUAN_MANUEL_DE_ROSAS","86494","86504","HorseBip Spine1","86505","1.0","86506"
"ART_DEF_UNIT_MONASPA_GUARD","86514","86523","HorseBip Spine1","86524","1.0","86525"
"ART_DEF_UNIT_VAKHTANG_VI","86533","86543","BIP Pelvis","86544","1.0","86545"
"ART_DEF_UNIT_ALA_AL_DIN_HUSAYN","86611","86621","BIP Pelvis","86622","1.0","86623"
"ART_DEF_UNIT_CHAPUL","86670","86679","BIP Pelvis","86680","1.0","86681"
"ART_DEF_UNIT_BATU_KHAN","86689","86699","BIP Pelvis","86700","1.0","86701"
"ART_DEF_UNIT_ASHINA_JIESHESHUAI","86728","86738","BIP Pelvis","86739","1.0","86740"
"ART_DEF_UNIT_ALVARADO_CAVALRY","86865","86874","HorseBip Spine1","86875","1.0","86876"
"ART_DEF_UNIT_MYRH_CARAVAN","87040","87049","HorseBip Spine1","87050","1.0","87051"
"ART_DEF_UNIT_BATYRS","87905","87914","HorseBip Spine1","87915","1.0","87916"
"ART_DEF_UNIT_BULAN","87979","87989","BIP Pelvis","87990","1.0","87991"
"ART_DEF_UNIT_ABAOJI","88018","88028","HorseBip Spine1","88029","1.0","88030"
