index,bonus_type,title,year,era,art_type,qid,sitelinks,item_url,image_url,button_path
1,BONUS_ART_001,Lion man of the Hohlenstein Stadel,-38000,ANTIQUITY,SCULPTURE,Q702658,35,http://www.wikidata.org/entity/Q702658,http://commons.wikimedia.org/wiki/Special:FilePath/Loewenmensch2.jpg,Art/Interface/Buttons/Resources/ArtMasterpieces/ART_001.tga
2,BONUS_ART_002,Venus of Dolní Věstonice,-29000,ANTIQUITY,SCULPTURE,Q552113,37,http://www.wikidata.org/entity/Q552113,http://commons.wikimedia.org/wiki/Special:FilePath/Vestonicka%20venuse%20edit.jpg,Art/Interface/Buttons/Resources/ArtMasterpieces/ART_002.tga
3,BONUS_ART_003,The Great Sphinx,-2559,ANTIQUITY,SCULPTURE,Q130958,82,http://www.wikidata.org/entity/Q130958,http://commons.wikimedia.org/wiki/Special:FilePath/Great%20Sphinx%20of%20Giza%20May%202015.JPG,Art/Interface/Buttons/Resources/ArtMasterpieces/ART_003.tga
4,BONUS_ART_004,Phaistos disc,-1699,ANTIQUITY,SCULPTURE,Q465338,42,http://www.wikidata.org/entity/Q465338,http://commons.wikimedia.org/wiki/Special:FilePath/PhaistosDiskLarge.jpg,Art/Interface/Buttons/Resources/ArtMasterpieces/ART_004.tga
5,BONUS_ART_005,Mask of Agamemnon,-1600,ANTIQUITY,SCULPTURE,Q1126741,37,http://www.wikidata.org/entity/Q1126741,http://commons.wikimedia.org/wiki/Special:FilePath/Athens%20%E2%80%94%20Mask%20of%20Agamemnon.jpg,Art/Interface/Buttons/Resources/ArtMasterpieces/ART_005.tga
6,BONUS_ART_006,Trundholm Sun Chariot,-1399,ANTIQUITY,SCULPTURE,Q1137682,36,http://www.wikidata.org/entity/Q1137682,http://commons.wikimedia.org/wiki/Special:FilePath/Solvognen%20DO-6865%202000.jpg,Art/Interface/Buttons/Resources/ArtMasterpieces/ART_006.tga
7,BONUS_ART_007,Nefertiti Bust,-1349,ANTIQUITY,SCULPTURE,Q582172,41,http://www.wikidata.org/entity/Q582172,http://commons.wikimedia.org/wiki/Special:FilePath/Nofretete%20Neues%20Museum.jpg,Art/Interface/Buttons/Resources/ArtMasterpieces/ART_007.tga
8,BONUS_ART_008,Mesha Stele,-839,ANTIQUITY,SCULPTURE,Q724954,36,http://www.wikidata.org/entity/Q724954,http://commons.wikimedia.org/wiki/Special:FilePath/F4171%20Louvre%20stele%20de%20Mesha%20AO5066%20rwk.jpg,Art/Interface/Buttons/Resources/ArtMasterpieces/ART_008.tga
9,BONUS_ART_009,Behistun Inscription,-600,ANTIQUITY,SCULPTURE,Q180012,70,http://www.wikidata.org/entity/Q180012,http://commons.wikimedia.org/wiki/Special:FilePath/%DA%A9%D8%AA%DB%8C%D8%A8%D9%87%20%D8%AF%D8%A7%D8%B1%DB%8C%D9%88%D8%B4%20%28%20%D8%A8%DB%8C%D8%B3%D8%AA%D9%88%D9%86%28.jpg,Art/Interface/Buttons/Resources/ArtMasterpieces/ART_009.tga
10,BONUS_ART_010,Capitoline Wolf,-500,ANTIQUITY,SCULPTURE,Q408623,42,http://www.wikidata.org/entity/Q408623,http://commons.wikimedia.org/wiki/Special:FilePath/Lupa%20Capitolina%2C%20Rome.jpg,Art/Interface/Buttons/Resources/ArtMasterpieces/ART_010.tga
11,BONUS_ART_011,Riace bronzes,-459,ANTIQUITY,SCULPTURE,Q205259,36,http://www.wikidata.org/entity/Q205259,http://commons.wikimedia.org/wiki/Special:FilePath/Bronzi%20di%20riace%2C%20V%20secolo%20ac.%2001.jpg,Art/Interface/Buttons/Resources/ArtMasterpieces/ART_011.tga
12,BONUS_ART_012,Discobolus,-450,ANTIQUITY,SCULPTURE,Q133732,38,http://www.wikidata.org/entity/Q133732,http://commons.wikimedia.org/wiki/Special:FilePath/Discobolus%20in%20National%20Roman%20Museum%20Palazzo%20Massimo%20alle%20Terme.JPG,Art/Interface/Buttons/Resources/ArtMasterpieces/ART_012.tga
13,BONUS_ART_013,Elgin Marbles,-440,ANTIQUITY,SCULPTURE,Q606662,46,http://www.wikidata.org/entity/Q606662,http://commons.wikimedia.org/wiki/Special:FilePath/Elgin%20Marbles%20British%20Museum.jpg,Art/Interface/Buttons/Resources/ArtMasterpieces/ART_013.tga
14,BONUS_ART_014,Statue of Zeus at Olympia,-430,ANTIQUITY,SCULPTURE,Q46239,93,http://www.wikidata.org/entity/Q46239,http://commons.wikimedia.org/wiki/Special:FilePath/Le%20Jupiter%20Olympien%20ou%20l%27art%20de%20la%20sculpture%20antique.jpg,Art/Interface/Buttons/Resources/ArtMasterpieces/ART_014.tga
15,BONUS_ART_015,Apollo Belvedere,-350,ANTIQUITY,SCULPTURE,Q619135,37,http://www.wikidata.org/entity/Q619135,http://commons.wikimedia.org/wiki/Special:FilePath/Apollo%20of%20the%20Belvedere.jpg,Art/Interface/Buttons/Resources/ArtMasterpieces/ART_015.tga
16,BONUS_ART_016,Colossus of Rhodes,-283,ANTIQUITY,SCULPTURE,Q41553,93,http://www.wikidata.org/entity/Q41553,http://commons.wikimedia.org/wiki/Special:FilePath/Colosse%20de%20Rhodes%20%28Barclay%29.jpg,Art/Interface/Buttons/Resources/ArtMasterpieces/ART_016.tga
17,BONUS_ART_017,Dying Gaul,-230,ANTIQUITY,SCULPTURE,Q848790,34,http://www.wikidata.org/entity/Q848790,http://commons.wikimedia.org/wiki/Special:FilePath/0%20Galata%20Morente%20-%20Musei%20Capitolini%20%281%29.jpg,Art/Interface/Buttons/Resources/ArtMasterpieces/ART_017.tga
18,BONUS_ART_018,Rosetta Stone,-195,ANTIQUITY,SCULPTURE,Q48584,101,http://www.wikidata.org/entity/Q48584,http://commons.wikimedia.org/wiki/Special:FilePath/Rosetta%20Stone%20-%20front%20face%20-%20corrected%20image.jpg,Art/Interface/Buttons/Resources/ArtMasterpieces/ART_018.tga
19,BONUS_ART_019,Winged Victory of Samothrace,-175,ANTIQUITY,SCULPTURE,Q216402,53,http://www.wikidata.org/entity/Q216402,http://commons.wikimedia.org/wiki/Special:FilePath/Victoire%20de%20Samothrace%20-%20Musee%20du%20Louvre%20-%2020190812.jpg,Art/Interface/Buttons/Resources/ArtMasterpieces/ART_019.tga
20,BONUS_ART_020,Venus de Milo,-140,ANTIQUITY,SCULPTURE,Q151952,71,http://www.wikidata.org/entity/Q151952,http://commons.wikimedia.org/wiki/Special:FilePath/V%C3%A9nus%20de%20Milo%20-%20Mus%C3%A9e%20du%20Louvre%20AGER%20LL%20299%20%3B%20N%20527%20%3B%20Ma%20399.jpg,Art/Interface/Buttons/Resources/ArtMasterpieces/ART_020.tga
21,BONUS_ART_021,Laocoön and His Sons,-1,ANTIQUITY,SCULPTURE,Q465762,46,http://www.wikidata.org/entity/Q465762,http://commons.wikimedia.org/wiki/Special:FilePath/Laoco%C3%B6n%20and%20his%20sons%20group.jpg,Art/Interface/Buttons/Resources/ArtMasterpieces/ART_021.tga
22,BONUS_ART_022,Trajan's Column,113,ANTIQUITY,SCULPTURE,Q192784,56,http://www.wikidata.org/entity/Q192784,http://commons.wikimedia.org/wiki/Special:FilePath/Trajan%20column%20%28Rome%29%20September%202015-2.jpg,Art/Interface/Buttons/Resources/ArtMasterpieces/ART_022.tga
23,BONUS_ART_023,Column of Marcus Aurelius,193,ANTIQUITY,SCULPTURE,Q265384,39,http://www.wikidata.org/entity/Q265384,http://commons.wikimedia.org/wiki/Special:FilePath/Colonna%20di%20Marco%20aurelio%20-%20Frontale.jpg,Art/Interface/Buttons/Resources/ArtMasterpieces/ART_023.tga
24,BONUS_ART_024,iron pillar of Delhi,500,ANTIQUITY,SCULPTURE,Q543419,44,http://www.wikidata.org/entity/Q543419,http://commons.wikimedia.org/wiki/Special:FilePath/Iron%20Pillar%20of%20Delhi-Q543419N%20-Mehrauli%20-Delhi%20-DL-161.jpg,Art/Interface/Buttons/Resources/ArtMasterpieces/ART_024.tga
25,BONUS_ART_025,Cyrus cylinder,539,MEDIEVAL,SCULPTURE,Q405008,54,http://www.wikidata.org/entity/Q405008,http://commons.wikimedia.org/wiki/Special:FilePath/Cyrus%20Cylinder.jpg,Art/Interface/Buttons/Resources/ArtMasterpieces/ART_025.tga
26,BONUS_ART_026,Column of Phocas,608,MEDIEVAL,SCULPTURE,Q369075,36,http://www.wikidata.org/entity/Q369075,http://commons.wikimedia.org/wiki/Special:FilePath/Colonna%20di%20Foca%20Forum%20Romanum%20Rome.jpg,Art/Interface/Buttons/Resources/ArtMasterpieces/ART_026.tga
27,BONUS_ART_027,Franks Casket,701,MEDIEVAL,SCULPTURE,Q1400866,21,http://www.wikidata.org/entity/Q1400866,http://commons.wikimedia.org/wiki/Special:FilePath/Franks%20casket%2003.jpg,Art/Interface/Buttons/Resources/ArtMasterpieces/ART_027.tga
28,BONUS_ART_028,Madara Rider,710,MEDIEVAL,SCULPTURE,Q319296,48,http://www.wikidata.org/entity/Q319296,http://commons.wikimedia.org/wiki/Special:FilePath/JE%C5%B9DZIEC%20Z%20MADARY.JPG,Art/Interface/Buttons/Resources/ArtMasterpieces/ART_028.tga
29,BONUS_ART_029,Orkhon inscriptions,800,MEDIEVAL,SCULPTURE,Q334704,35,http://www.wikidata.org/entity/Q334704,http://commons.wikimedia.org/wiki/Special:FilePath/Kyzyl%20orkhon%20inscription.jpg,Art/Interface/Buttons/Resources/ArtMasterpieces/ART_029.tga
30,BONUS_ART_030,Leshan Giant Buddha,803,MEDIEVAL,SCULPTURE,Q205131,60,http://www.wikidata.org/entity/Q205131,http://commons.wikimedia.org/wiki/Special:FilePath/Leshan%20Giant%20Buddha%20%281%29.jpg,Art/Interface/Buttons/Resources/ArtMasterpieces/ART_030.tga
31,BONUS_ART_031,Rök Runestone,900,MEDIEVAL,SCULPTURE,Q472975,32,http://www.wikidata.org/entity/Q472975,http://commons.wikimedia.org/wiki/Special:FilePath/R%C3%B6kstenen%201.JPG,Art/Interface/Buttons/Resources/ArtMasterpieces/ART_031.tga
32,BONUS_ART_032,Along the River During the Qingming Festival,1085,MEDIEVAL,PAINTING,Q714802,27,http://www.wikidata.org/entity/Q714802,http://commons.wikimedia.org/wiki/Special:FilePath/Alongtheriver%20QingMing.jpg,Art/Interface/Buttons/Resources/ArtMasterpieces/ART_032.tga
33,BONUS_ART_033,Chennakesava Temple,1117,MEDIEVAL,SCULPTURE,Q3536222,22,http://www.wikidata.org/entity/Q3536222,http://commons.wikimedia.org/wiki/Special:FilePath/Chennakeshava%20Temple%20at%20Belur.jpg,Art/Interface/Buttons/Resources/ArtMasterpieces/ART_033.tga
34,BONUS_ART_034,Theotokos of Vladimir,1125,MEDIEVAL,PAINTING,Q546241,31,http://www.wikidata.org/entity/Q546241,http://commons.wikimedia.org/wiki/Special:FilePath/Vladimirskaja%20ikona%20Bo%C5%BEiej%20Materi.jpg,Art/Interface/Buttons/Resources/ArtMasterpieces/ART_034.tga
35,BONUS_ART_035,Our Lady of Perpetual Help,1350,MEDIEVAL,PAINTING,Q178754,26,http://www.wikidata.org/entity/Q178754,http://commons.wikimedia.org/wiki/Special:FilePath/Nossa%20Senhora%20do%20Perpetuo%20Socorro%20HD.jpg,Art/Interface/Buttons/Resources/ArtMasterpieces/ART_035.tga
36,BONUS_ART_036,Black Madonna of Częstochowa,1382,MEDIEVAL,PAINTING,Q573619,34,http://www.wikidata.org/entity/Q573619,http://commons.wikimedia.org/wiki/Special:FilePath/Obraz%20Matki%20Bo%C5%BCej%20Cz%C4%99stochowskiej%20bez%20ram.jpg,Art/Interface/Buttons/Resources/ArtMasterpieces/ART_036.tga
37,BONUS_ART_037,Ghent Altarpiece,1432,RENAISSANCE,PAINTING,Q734834,39,http://www.wikidata.org/entity/Q734834,http://commons.wikimedia.org/wiki/Special:FilePath/Lamgods%20open.jpg,Art/Interface/Buttons/Resources/ArtMasterpieces/ART_037.tga
38,BONUS_ART_038,Arnolfini Portrait,1434,RENAISSANCE,PAINTING,Q220859,42,http://www.wikidata.org/entity/Q220859,http://commons.wikimedia.org/wiki/Special:FilePath/Van%20Eyck%20-%20Arnolfini%20Portrait.jpg,Art/Interface/Buttons/Resources/ArtMasterpieces/ART_038.tga
39,BONUS_ART_039,Ginevra de' Benci,1476,RENAISSANCE,PAINTING,Q1267893,38,http://www.wikidata.org/entity/Q1267893,http://commons.wikimedia.org/wiki/Special:FilePath/Ginevra%20de%27%20Benci%20-%20National%20Gallery%20of%20Art.jpg,Art/Interface/Buttons/Resources/ArtMasterpieces/ART_039.tga
40,BONUS_ART_040,Primavera,1480,RENAISSANCE,PAINTING,Q549847,42,http://www.wikidata.org/entity/Q549847,http://commons.wikimedia.org/wiki/Special:FilePath/Sandro%20Botticelli%20-%20La%20Primavera%20-%20Google%20Art%20Project.jpg,Art/Interface/Buttons/Resources/ArtMasterpieces/ART_040.tga
41,BONUS_ART_041,Benois Madonna,1480,RENAISSANCE,PAINTING,Q1142058,37,http://www.wikidata.org/entity/Q1142058,http://commons.wikimedia.org/wiki/Special:FilePath/Leonardo%2C%20Madonna%20Benois.JPG,Art/Interface/Buttons/Resources/ArtMasterpieces/ART_041.tga
42,BONUS_ART_042,Adoration of the Magi,1482,RENAISSANCE,PAINTING,Q1638622,34,http://www.wikidata.org/entity/Q1638622,http://commons.wikimedia.org/wiki/Special:FilePath/Leonardo%20da%20Vinci%2C%20Adoration%2C%20c1481%2C%20Uffizi.jpg,Art/Interface/Buttons/Resources/ArtMasterpieces/ART_042.tga
43,BONUS_ART_043,Lamentation of Christ,1483,RENAISSANCE,PAINTING,Q546297,32,http://www.wikidata.org/entity/Q546297,http://commons.wikimedia.org/wiki/Special:FilePath/Lamentaci%C3%B3n%20sobre%20Cristo%20muerto%2C%20por%20Andrea%20Mantegna.jpg,Art/Interface/Buttons/Resources/ArtMasterpieces/ART_043.tga
44,BONUS_ART_044,The Birth of Venus,1485,RENAISSANCE,PAINTING,Q151047,57,http://www.wikidata.org/entity/Q151047,http://commons.wikimedia.org/wiki/Special:FilePath/Sandro%20Botticelli%20-%20La%20nascita%20di%20Venere%20-%20Google%20Art%20Project%20-%20edited.jpg,Art/Interface/Buttons/Resources/ArtMasterpieces/ART_044.tga
45,BONUS_ART_045,The Last Supper,1490,RENAISSANCE,PAINTING,Q128910,87,http://www.wikidata.org/entity/Q128910,http://commons.wikimedia.org/wiki/Special:FilePath/Leonardo%20da%20Vinci%20%281452-1519%29%20-%20The%20Last%20Supper%20%281495-1498%29.jpg,Art/Interface/Buttons/Resources/ArtMasterpieces/ART_045.tga
46,BONUS_ART_046,Lady with an Ermine,1490,RENAISSANCE,PAINTING,Q474338,50,http://www.wikidata.org/entity/Q474338,http://commons.wikimedia.org/wiki/Special:FilePath/Lady%20with%20an%20Ermine%20-%20Leonardo%20da%20Vinci%20-%20Google%20Art%20Project.jpg,Art/Interface/Buttons/Resources/ArtMasterpieces/ART_046.tga
47,BONUS_ART_047,The Garden of Earthly Delights,1490,RENAISSANCE,PAINTING,Q321303,49,http://www.wikidata.org/entity/Q321303,http://commons.wikimedia.org/wiki/Special:FilePath/Jheronimus%20Bosch%20023.jpg,Art/Interface/Buttons/Resources/ArtMasterpieces/ART_047.tga
48,BONUS_ART_048,La Belle Ferronnière,1495,RENAISSANCE,PAINTING,Q656434,34,http://www.wikidata.org/entity/Q656434,http://commons.wikimedia.org/wiki/Special:FilePath/La%20Belle%20Ferroni%C3%A8re%20-%20Google%20Arts.jpg,Art/Interface/Buttons/Resources/ArtMasterpieces/ART_048.tga
49,BONUS_ART_049,Pietà (Michelangelo),1499,RENAISSANCE,SCULPTURE,Q235242,56,http://www.wikidata.org/entity/Q235242,http://commons.wikimedia.org/wiki/Special:FilePath/The%20Piet%C3%A0%20by%20Michelangelo%20%2848135182552%29.jpg,Art/Interface/Buttons/Resources/ArtMasterpieces/ART_049.tga
50,BONUS_ART_050,David,1500,RENAISSANCE,SCULPTURE,Q179900,80,http://www.wikidata.org/entity/Q179900,http://commons.wikimedia.org/wiki/Special:FilePath/%27David%27%20by%20Michelangelo%20Fir%20JBU004.jpg,Art/Interface/Buttons/Resources/ArtMasterpieces/ART_050.tga
51,BONUS_ART_051,Salvator Mundi,1500,RENAISSANCE,PAINTING,Q1892745,49,http://www.wikidata.org/entity/Q1892745,http://commons.wikimedia.org/wiki/Special:FilePath/Leonardo%20da%20Vinci%2C%20Salvator%20Mundi%2C%20c.1500%2C%20oil%20on%20walnut%2C%2045.4%20%C3%97%2065.6%20cm.jpg,Art/Interface/Buttons/Resources/ArtMasterpieces/ART_051.tga
52,BONUS_ART_052,Mona Lisa,1503,RENAISSANCE,PAINTING,Q12418,144,http://www.wikidata.org/entity/Q12418,http://commons.wikimedia.org/wiki/Special:FilePath/Mona%20Lisa%2C%20by%20Leonardo%20da%20Vinci%2C%20from%20C2RMF%20natural%20color.jpg,Art/Interface/Buttons/Resources/ArtMasterpieces/ART_052.tga
53,BONUS_ART_053,Madonna of Bruges,1503,RENAISSANCE,SCULPTURE,Q567833,32,http://www.wikidata.org/entity/Q567833,http://commons.wikimedia.org/wiki/Special:FilePath/Madonna%20Michelangelo%20Bruges%20-%20JPG2%20%28cropped%29.jpg,Art/Interface/Buttons/Resources/ArtMasterpieces/ART_053.tga
54,BONUS_ART_054,The Tempest,1506,RENAISSANCE,PAINTING,Q930137,35,http://www.wikidata.org/entity/Q930137,http://commons.wikimedia.org/wiki/Special:FilePath/Giorgione%2C%20The%20tempest.jpg,Art/Interface/Buttons/Resources/ArtMasterpieces/ART_054.tga
55,BONUS_ART_055,Sistine Chapel ceiling,1508,RENAISSANCE,PAINTING,Q844675,34,http://www.wikidata.org/entity/Q844675,http://commons.wikimedia.org/wiki/Special:FilePath/CAPPELLA%20SISTINA%20Ceiling.jpg,Art/Interface/Buttons/Resources/ArtMasterpieces/ART_055.tga
56,BONUS_ART_056,Sleeping Venus,1509,RENAISSANCE,PAINTING,Q500812,37,http://www.wikidata.org/entity/Q500812,http://commons.wikimedia.org/wiki/Special:FilePath/Giorgione%20-%20Sleeping%20Venus%20-%20Google%20Art%20Project%202.jpg,Art/Interface/Buttons/Resources/ArtMasterpieces/ART_056.tga
57,BONUS_ART_057,Aztec sun stone,1510,RENAISSANCE,SCULPTURE,Q786806,36,http://www.wikidata.org/entity/Q786806,http://commons.wikimedia.org/wiki/Special:FilePath/Piedra%20del%20Sol.tif,Art/Interface/Buttons/Resources/ArtMasterpieces/ART_057.tga
58,BONUS_ART_058,Moses,1510,RENAISSANCE,SCULPTURE,Q1989744,32,http://www.wikidata.org/entity/Q1989744,http://commons.wikimedia.org/wiki/Special:FilePath/San%20Pietro%20in%20Vincole%20May%202022-3.jpg,Art/Interface/Buttons/Resources/ArtMasterpieces/ART_058.tga
59,BONUS_ART_059,The Creation of Adam,1511,RENAISSANCE,PAINTING,Q500242,61,http://www.wikidata.org/entity/Q500242,http://commons.wikimedia.org/wiki/Special:FilePath/The%20Creation%20of%20Adam%20perspective%20fix.jpg,Art/Interface/Buttons/Resources/ArtMasterpieces/ART_059.tga
60,BONUS_ART_060,The Virgin and Child with Saint Anne,1511,RENAISSANCE,PAINTING,Q563727,38,http://www.wikidata.org/entity/Q563727,http://commons.wikimedia.org/wiki/Special:FilePath/Sainte%20Anne%20Leonard.jpg,Art/Interface/Buttons/Resources/ArtMasterpieces/ART_060.tga
61,BONUS_ART_061,The School of Athens,1512,RENAISSANCE,PAINTING,Q186953,61,http://www.wikidata.org/entity/Q186953,http://commons.wikimedia.org/wiki/Special:FilePath/%22The%20School%20of%20Athens%22%20by%20Raffaello%20Sanzio%20da%20Urbino.jpg,Art/Interface/Buttons/Resources/ArtMasterpieces/ART_061.tga
62,BONUS_ART_062,Sistine Madonna,1512,RENAISSANCE,PAINTING,Q328079,37,http://www.wikidata.org/entity/Q328079,http://commons.wikimedia.org/wiki/Special:FilePath/Raphael%20-%20The%20Sistine%20Madonna%20-%20Google%20Arts%20%26%20Culture.jpg,Art/Interface/Buttons/Resources/ArtMasterpieces/ART_062.tga
63,BONUS_ART_063,Saint John the Baptist,1514,RENAISSANCE,PAINTING,Q783215,34,http://www.wikidata.org/entity/Q783215,http://commons.wikimedia.org/wiki/Special:FilePath/Leonardo%20da%20Vinci%20-%20Saint%20John%20the%20Baptist%20C2RMF%20retouched.jpg,Art/Interface/Buttons/Resources/ArtMasterpieces/ART_063.tga
64,BONUS_ART_064,The Ambassadors,1533,RENAISSANCE,PAINTING,Q1212937,34,http://www.wikidata.org/entity/Q1212937,http://commons.wikimedia.org/wiki/Special:FilePath/Hans%20Holbein%20the%20Younger%20-%20The%20Ambassadors%20-%20Google%20Art%20Project.jpg,Art/Interface/Buttons/Resources/ArtMasterpieces/ART_064.tga
65,BONUS_ART_065,Venus of Urbino,1538,RENAISSANCE,PAINTING,Q727875,40,http://www.wikidata.org/entity/Q727875,http://commons.wikimedia.org/wiki/Special:FilePath/Tiziano%27s%20Venere%20di%20Urbino%20%28from%20The%20History%20BLog%29.jpg,Art/Interface/Buttons/Resources/ArtMasterpieces/ART_065.tga
66,BONUS_ART_066,Netherlandish Proverbs,1559,RENAISSANCE,PAINTING,Q533619,37,http://www.wikidata.org/entity/Q533619,http://commons.wikimedia.org/wiki/Special:FilePath/Pieter%20Bruegel%20%28der%20%C3%84ltere%29%20%28ca.%201525%20-%201569%29%20-%20Die%20niederl%C3%A4ndischen%20Sprichw%C3%B6rter%20-%201720%20-%20Gem%C3%A4ldegalerie.jpg,Art/Interface/Buttons/Resources/ArtMasterpieces/ART_066.tga
67,BONUS_ART_067,The Triumph of Death,1560,RENAISSANCE,PAINTING,Q644856,31,http://www.wikidata.org/entity/Q644856,http://commons.wikimedia.org/wiki/Special:FilePath/The%20Triumph%20of%20Death%20by%20Pieter%20Bruegel%20the%20Elder.jpg,Art/Interface/Buttons/Resources/ArtMasterpieces/ART_067.tga
68,BONUS_ART_068,The Hunters in the Snow,1565,RENAISSANCE,PAINTING,Q500985,38,http://www.wikidata.org/entity/Q500985,http://commons.wikimedia.org/wiki/Special:FilePath/Pieter%20Bruegel%20the%20Elder%20-%20Hunters%20in%20the%20Snow%20%28Winter%29%20-%20Google%20Art%20Project.jpg,Art/Interface/Buttons/Resources/ArtMasterpieces/ART_068.tga
69,BONUS_ART_069,The Last Judgment,1600,RENAISSANCE,PAINTING,Q567861,49,http://www.wikidata.org/entity/Q567861,http://commons.wikimedia.org/wiki/Special:FilePath/Last%20Judgement%20%28Michelangelo%29.jpg,Art/Interface/Buttons/Resources/ArtMasterpieces/ART_069.tga
70,BONUS_ART_070,The Calling of Saint Matthew,1609,RENAISSANCE,PAINTING,Q969377,32,http://www.wikidata.org/entity/Q969377,http://commons.wikimedia.org/wiki/Special:FilePath/Caravaggio%20%E2%80%94%20The%20Calling%20of%20Saint%20Matthew.jpg,Art/Interface/Buttons/Resources/ArtMasterpieces/ART_070.tga
71,BONUS_ART_071,Manneken Pis,1619,RENAISSANCE,SCULPTURE,Q152072,65,http://www.wikidata.org/entity/Q152072,http://commons.wikimedia.org/wiki/Special:FilePath/Bruxelles%20Manneken%20Pis.jpg,Art/Interface/Buttons/Resources/ArtMasterpieces/ART_071.tga
72,BONUS_ART_072,Fontana della Barcaccia,1629,RENAISSANCE,SCULPTURE,Q1114231,32,http://www.wikidata.org/entity/Q1114231,http://commons.wikimedia.org/wiki/Special:FilePath/Barcaccia%20e%20scalinata.jpg,Art/Interface/Buttons/Resources/ArtMasterpieces/ART_072.tga
73,BONUS_ART_073,The Anatomy Lesson of Dr. Nicolaes Tulp,1632,RENAISSANCE,PAINTING,Q661378,45,http://www.wikidata.org/entity/Q661378,http://commons.wikimedia.org/wiki/Special:FilePath/Rembrandt%20-%20The%20Anatomy%20Lesson%20of%20Dr%20Nicolaes%20Tulp.jpg,Art/Interface/Buttons/Resources/ArtMasterpieces/ART_073.tga
74,BONUS_ART_074,The Storm on the Sea of Galilee,1633,RENAISSANCE,PAINTING,Q2246489,32,http://www.wikidata.org/entity/Q2246489,http://commons.wikimedia.org/wiki/Special:FilePath/Rembrandt%20Christ%20in%20the%20Storm%20on%20the%20Lake%20of%20Galilee.jpg,Art/Interface/Buttons/Resources/ArtMasterpieces/ART_074.tga
75,BONUS_ART_075,The Surrender of Breda,1634,RENAISSANCE,PAINTING,Q1133420,37,http://www.wikidata.org/entity/Q1133420,http://commons.wikimedia.org/wiki/Special:FilePath/Velazquez-The%20Surrender%20of%20Breda.jpg,Art/Interface/Buttons/Resources/ArtMasterpieces/ART_075.tga
76,BONUS_ART_076,Four Rivers Fountain,1640,RENAISSANCE,SCULPTURE,Q655470,36,http://www.wikidata.org/entity/Q655470,http://commons.wikimedia.org/wiki/Special:FilePath/PiazzaNavonaPanoramicaVerticale.jpg,Art/Interface/Buttons/Resources/ArtMasterpieces/ART_076.tga
77,BONUS_ART_077,The Night Watch,1642,RENAISSANCE,PAINTING,Q219831,58,http://www.wikidata.org/entity/Q219831,http://commons.wikimedia.org/wiki/Special:FilePath/La%20ronda%20de%20noche%2C%20por%20Rembrandt%20van%20Rijn.jpg,Art/Interface/Buttons/Resources/ArtMasterpieces/ART_077.tga
78,BONUS_ART_078,Ecstasy of Saint Teresa,1647,RENAISSANCE,SCULPTURE,Q1333433,41,http://www.wikidata.org/entity/Q1333433,http://commons.wikimedia.org/wiki/Special:FilePath/Ecstasy%20of%20Saint%20Teresa%20September%202015-2a.jpg,Art/Interface/Buttons/Resources/ArtMasterpieces/ART_078.tga
79,BONUS_ART_079,Las Meninas,1656,RENAISSANCE,PAINTING,Q208758,56,http://www.wikidata.org/entity/Q208758,http://commons.wikimedia.org/wiki/Special:FilePath/Las%20Meninas%2C%20by%20Diego%20Vel%C3%A1zquez%2C%20from%20Prado%20in%20Google%20Earth.jpg,Art/Interface/Buttons/Resources/ArtMasterpieces/ART_079.tga
80,BONUS_ART_080,The Milkmaid,1660,RENAISSANCE,PAINTING,Q167605,44,http://www.wikidata.org/entity/Q167605,http://commons.wikimedia.org/wiki/Special:FilePath/Johannes%20Vermeer%20-%20Het%20melkmeisje%20-%20Google%20Art%20Project.jpg,Art/Interface/Buttons/Resources/ArtMasterpieces/ART_080.tga
81,BONUS_ART_081,View of Delft,1661,RENAISSANCE,PAINTING,Q523974,40,http://www.wikidata.org/entity/Q523974,http://commons.wikimedia.org/wiki/Special:FilePath/Johannes%20Vermeer%20-%20View%20of%20Delft%20-%2092%20-%20Mauritshuis.jpg,Art/Interface/Buttons/Resources/ArtMasterpieces/ART_081.tga
82,BONUS_ART_082,The Astronomer,1664,RENAISSANCE,PAINTING,Q544315,33,http://www.wikidata.org/entity/Q544315,http://commons.wikimedia.org/wiki/Special:FilePath/Johannes%20Vermeer%20-%20The%20Astronomer%20-%201668.jpg,Art/Interface/Buttons/Resources/ArtMasterpieces/ART_082.tga
83,BONUS_ART_083,Girl with a Pearl Earring,1665,RENAISSANCE,PAINTING,Q185372,70,http://www.wikidata.org/entity/Q185372,http://commons.wikimedia.org/wiki/Special:FilePath/1665%20Girl%20with%20a%20Pearl%20Earring.jpg,Art/Interface/Buttons/Resources/ArtMasterpieces/ART_083.tga
84,BONUS_ART_084,The Jewish Bride,1667,RENAISSANCE,PAINTING,Q766782,32,http://www.wikidata.org/entity/Q766782,http://commons.wikimedia.org/wiki/Special:FilePath/Rembrandt%20Harmensz.%20van%20Rijn%20-%20Portret%20van%20een%20paar%20als%20oudtestamentische%20figuren%2C%20genaamd%20%27Het%20Joodse%20bruidje%27%20-%20Google%20Art%20Project.jpg,Art/Interface/Buttons/Resources/ArtMasterpieces/ART_084.tga
85,BONUS_ART_085,Holy Trinity Column in Olomouc,1715,INDUSTRIAL,SCULPTURE,Q742362,40,http://www.wikidata.org/entity/Q742362,http://commons.wikimedia.org/wiki/Special:FilePath/Holy%20Trinity%20Column.jpg,Art/Interface/Buttons/Resources/ArtMasterpieces/ART_085.tga
86,BONUS_ART_086,Trevi Fountain,1732,INDUSTRIAL,SCULPTURE,Q185382,68,http://www.wikidata.org/entity/Q185382,http://commons.wikimedia.org/wiki/Special:FilePath/Trevi%20Fountain%2C%20Rome%2C%20Italy%202%20-%20May%202007.jpg,Art/Interface/Buttons/Resources/ArtMasterpieces/ART_086.tga
87,BONUS_ART_087,The Swing,1767,INDUSTRIAL,PAINTING,Q2629559,33,http://www.wikidata.org/entity/Q2629559,http://commons.wikimedia.org/wiki/Special:FilePath/Fragonard%2C%20The%20Swing.jpg,Art/Interface/Buttons/Resources/ArtMasterpieces/ART_087.tga
88,BONUS_ART_088,Bronze Horseman,1768,INDUSTRIAL,SCULPTURE,Q672444,40,http://www.wikidata.org/entity/Q672444,http://commons.wikimedia.org/wiki/Special:FilePath/00%202061%20Equestrian%20statue%20of%20Peter%20the%20Great%20-%20Constitutional%20Court%20%28St.%20Petersburg%29.jpg,Art/Interface/Buttons/Resources/ArtMasterpieces/ART_088.tga
89,BONUS_ART_089,The Blue Boy,1770,INDUSTRIAL,PAINTING,Q604761,38,http://www.wikidata.org/entity/Q604761,http://commons.wikimedia.org/wiki/Special:FilePath/Thomas%20Gainsborough%20-%20The%20Blue%20Boy%20%28c.%201770%29.jpg,Art/Interface/Buttons/Resources/ArtMasterpieces/ART_089.tga
90,BONUS_ART_090,The Oath of the Horatii,1784,INDUSTRIAL,PAINTING,Q476458,40,http://www.wikidata.org/entity/Q476458,http://commons.wikimedia.org/wiki/Special:FilePath/Le%20Serment%20des%20Horaces%20-%20Jacques-Louis%20David%20-%20Mus%C3%A9e%20du%20Louvre%20Peintures%20INV%203692%20%3B%20MR%201432.jpg,Art/Interface/Buttons/Resources/ArtMasterpieces/ART_090.tga
91,BONUS_ART_091,The Death of Socrates,1787,INDUSTRIAL,PAINTING,Q1752990,49,http://www.wikidata.org/entity/Q1752990,http://commons.wikimedia.org/wiki/Special:FilePath/The%20Death%20of%20Socrates%20MET%20DP-13139-001.jpg,Art/Interface/Buttons/Resources/ArtMasterpieces/ART_091.tga
92,BONUS_ART_092,The Death of Marat,1793,INDUSTRIAL,PAINTING,Q636537,39,http://www.wikidata.org/entity/Q636537,http://commons.wikimedia.org/wiki/Special:FilePath/Jacques-Louis%20David%20-%20Marat%20assassinated%20-%20Google%20Art%20Project%202.jpg,Art/Interface/Buttons/Resources/ArtMasterpieces/ART_092.tga
93,BONUS_ART_093,La maja desnuda,1795,INDUSTRIAL,PAINTING,Q152867,45,http://www.wikidata.org/entity/Q152867,http://commons.wikimedia.org/wiki/Special:FilePath/Maja%20desnuda%20%28museo%20del%20Prado%29.jpg,Art/Interface/Buttons/Resources/ArtMasterpieces/ART_093.tga
94,BONUS_ART_094,The Coronation of Napoleon,1807,INDUSTRIAL,PAINTING,Q1231009,37,http://www.wikidata.org/entity/Q1231009,http://commons.wikimedia.org/wiki/Special:FilePath/Le%20Sacre%20de%20Napol%C3%A9on%20-%20Jacques-Louis%20David%20-%20Mus%C3%A9e%20du%20Louvre%20Peintures%20INV%203699%20%3B%20MR%201437.jpg,Art/Interface/Buttons/Resources/ArtMasterpieces/ART_094.tga
95,BONUS_ART_095,Grande Odalisque,1810,INDUSTRIAL,PAINTING,Q1978815,33,http://www.wikidata.org/entity/Q1978815,http://commons.wikimedia.org/wiki/Special:FilePath/La%20grande%20odalisque%20-%20Jean-Auguste%20Dominique%20Ingres%20-%20Mus%C3%A9e%20du%20Louvre%20Peintures%20RF%201158.jpg,Art/Interface/Buttons/Resources/ArtMasterpieces/ART_095.tga
96,BONUS_ART_096,The Third of May 1808,1814,INDUSTRIAL,PAINTING,Q1091086,44,http://www.wikidata.org/entity/Q1091086,http://commons.wikimedia.org/wiki/Special:FilePath/Francisco%20de%20Goya%20y%20Lucientes%20-%20Los%20fusilamientos%20del%20tres%20de%20mayo%20-%201814.jpg,Art/Interface/Buttons/Resources/ArtMasterpieces/ART_096.tga
97,BONUS_ART_097,The Raft of the Medusa,1818,INDUSTRIAL,PAINTING,Q212616,47,http://www.wikidata.org/entity/Q212616,http://commons.wikimedia.org/wiki/Special:FilePath/JEAN%20LOUIS%20TH%C3%89ODORE%20G%C3%89RICAULT%20-%20La%20Balsa%20de%20la%20Medusa%20%28Museo%20del%20Louvre%2C%201818-19%29.jpg,Art/Interface/Buttons/Resources/ArtMasterpieces/ART_097.tga
98,BONUS_ART_098,Wanderer above the Sea of Fog,1818,INDUSTRIAL,PAINTING,Q311243,47,http://www.wikidata.org/entity/Q311243,http://commons.wikimedia.org/wiki/Special:FilePath/Friedrich%2C%20Caspar%20David%20-%20Wanderer%20%C3%BCber%20dem%20Nebelmeer.jpg,Art/Interface/Buttons/Resources/ArtMasterpieces/ART_098.tga
99,BONUS_ART_099,Saturn Devouring His Son,1820,INDUSTRIAL,PAINTING,Q1150997,37,http://www.wikidata.org/entity/Q1150997,http://commons.wikimedia.org/wiki/Special:FilePath/Francisco%20de%20Goya%2C%20Saturno%20devorando%20a%20su%20hijo%20%281819-1823%29.jpg,Art/Interface/Buttons/Resources/ArtMasterpieces/ART_099.tga
100,BONUS_ART_100,Liberty Leading the People,1830,INDUSTRIAL,PAINTING,Q29530,67,http://www.wikidata.org/entity/Q29530,http://commons.wikimedia.org/wiki/Special:FilePath/La%20Libert%C3%A9%20guidant%20le%20peuple%20-%20Eug%C3%A8ne%20Delacroix%20-%20Mus%C3%A9e%20du%20Louvre%20Peintures%20RF%20129%20-%20apr%C3%A8s%20restauration%202024.jpg,Art/Interface/Buttons/Resources/ArtMasterpieces/ART_100.tga
101,BONUS_ART_101,Nelson's Column,1840,INDUSTRIAL,SCULPTURE,Q842089,39,http://www.wikidata.org/entity/Q842089,http://commons.wikimedia.org/wiki/Special:FilePath/Nelson%27s%20Column%2C%20Trafalgar%20Square%2C%20London.JPG,Art/Interface/Buttons/Resources/ArtMasterpieces/ART_101.tga
102,BONUS_ART_102,A Burial at Ornans,1841,INDUSTRIAL,PAINTING,Q540488,33,http://www.wikidata.org/entity/Q540488,http://commons.wikimedia.org/wiki/Special:FilePath/Gustave%20Courbet%20-%20A%20Burial%20at%20Ornans%20-%20Google%20Art%20Project.jpg,Art/Interface/Buttons/Resources/ArtMasterpieces/ART_102.tga
103,BONUS_ART_103,The Ninth Wave,1850,INDUSTRIAL,PAINTING,Q1070896,36,http://www.wikidata.org/entity/Q1070896,http://commons.wikimedia.org/wiki/Special:FilePath/Hovhannes%20Aivazovsky%20-%20The%20Ninth%20Wave%20-%20Google%20Art%20Project.jpg,Art/Interface/Buttons/Resources/ArtMasterpieces/ART_103.tga
104,BONUS_ART_104,Ophelia,1851,INDUSTRIAL,PAINTING,Q1065493,32,http://www.wikidata.org/entity/Q1065493,http://commons.wikimedia.org/wiki/Special:FilePath/John%20Everett%20Millais%20-%20Ophelia%20-%20Google%20Art%20Project.jpg,Art/Interface/Buttons/Resources/ArtMasterpieces/ART_104.tga
105,BONUS_ART_105,Luncheon on the Grass,1863,INDUSTRIAL,PAINTING,Q152509,43,http://www.wikidata.org/entity/Q152509,http://commons.wikimedia.org/wiki/Special:FilePath/Edouard%20Manet%20-%20Luncheon%20on%20the%20Grass%20-%20Google%20Art%20Project.jpg,Art/Interface/Buttons/Resources/ArtMasterpieces/ART_105.tga
106,BONUS_ART_106,Olympia,1863,INDUSTRIAL,PAINTING,Q737062,41,http://www.wikidata.org/entity/Q737062,http://commons.wikimedia.org/wiki/Special:FilePath/Edouard%20Manet%20-%20Olympia%20-%20Google%20Art%20Project%203.jpg,Art/Interface/Buttons/Resources/ArtMasterpieces/ART_106.tga
107,BONUS_ART_107,L'Origine du monde,1866,INDUSTRIAL,PAINTING,Q334138,50,http://www.wikidata.org/entity/Q334138,http://commons.wikimedia.org/wiki/Special:FilePath/Origin-of-the-World.jpg,Art/Interface/Buttons/Resources/ArtMasterpieces/ART_107.tga
108,BONUS_ART_108,Barge Haulers on the Volga,1870,INDUSTRIAL,PAINTING,Q175628,36,http://www.wikidata.org/entity/Q175628,http://commons.wikimedia.org/wiki/Special:FilePath/Ilya%20Repin%20-%20Barge%20Haulers%20on%20the%20Volga%20-%20Google%20Art%20Project.jpg,Art/Interface/Buttons/Resources/ArtMasterpieces/ART_108.tga
109,BONUS_ART_109,"Impression, Sunrise",1872,INDUSTRIAL,PAINTING,Q328523,51,http://www.wikidata.org/entity/Q328523,http://commons.wikimedia.org/wiki/Special:FilePath/Monet%20-%20Impression%2C%20Sunrise.jpg,Art/Interface/Buttons/Resources/ArtMasterpieces/ART_109.tga
110,BONUS_ART_110,Siegessäule,1873,INDUSTRIAL,SCULPTURE,Q154987,44,http://www.wikidata.org/entity/Q154987,http://commons.wikimedia.org/wiki/Special:FilePath/Siegessaeule%20Berlin09072023.png,Art/Interface/Buttons/Resources/ArtMasterpieces/ART_110.tga
111,BONUS_ART_111,Bal du moulin de la Galette,1876,INDUSTRIAL,PAINTING,Q683274,42,http://www.wikidata.org/entity/Q683274,http://commons.wikimedia.org/wiki/Special:FilePath/Renoir%2C%20Pierre-Auguste%20-%20Dance%20at%20Le%20Moulin%20de%20la%20Galette%2C%201876.jpg,Art/Interface/Buttons/Resources/ArtMasterpieces/ART_111.tga
112,BONUS_ART_112,A Bar at the Folies-Bergère Sharon,1882,INDUSTRIAL,PAINTING,Q1245354,38,http://www.wikidata.org/entity/Q1245354,http://commons.wikimedia.org/wiki/Special:FilePath/Un%20bar%20aux%20Folies-Berg%C3%A8re%20d%27E.%20Manet%20%28Fondation%20Vuitton%2C%20Paris%29%20%2833539037428%29.jpg,Art/Interface/Buttons/Resources/ArtMasterpieces/ART_112.tga
113,BONUS_ART_113,A Sunday Afternoon on the Island of La Grande Jatte,1884,INDUSTRIAL,PAINTING,Q1044742,36,http://www.wikidata.org/entity/Q1044742,http://commons.wikimedia.org/wiki/Special:FilePath/A%20Sunday%20on%20La%20Grande%20Jatte%2C%20Georges%20Seurat%2C%201884.jpg,Art/Interface/Buttons/Resources/ArtMasterpieces/ART_113.tga
114,BONUS_ART_114,The Potato Eaters,1885,INDUSTRIAL,PAINTING,Q154469,52,http://www.wikidata.org/entity/Q154469,http://commons.wikimedia.org/wiki/Special:FilePath/Van-willem-vincent-gogh-die-kartoffelesser-03850.jpg,Art/Interface/Buttons/Resources/ArtMasterpieces/ART_114.tga
115,BONUS_ART_115,Statue of Liberty,1886,INDUSTRIAL,SCULPTURE,Q9202,153,http://www.wikidata.org/entity/Q9202,http://commons.wikimedia.org/wiki/Special:FilePath/Statue%20of%20Liberty%207.jpg,Art/Interface/Buttons/Resources/ArtMasterpieces/ART_115.tga
116,BONUS_ART_116,72 names on the Eiffel Tower,1887,INDUSTRIAL,SCULPTURE,Q162873,34,http://www.wikidata.org/entity/Q162873,http://commons.wikimedia.org/wiki/Special:FilePath/Broca%2C%20tour%20Eiffel%2C%20Paris%201.jpg,Art/Interface/Buttons/Resources/ArtMasterpieces/ART_116.tga
117,BONUS_ART_117,Café Terrace at Night,1888,INDUSTRIAL,PAINTING,Q1025704,39,http://www.wikidata.org/entity/Q1025704,http://commons.wikimedia.org/wiki/Special:FilePath/Vincent%20van%20Gogh%20%281853-1890%29%20Caf%C3%A9terras%20bij%20nacht%20%28place%20du%20Forum%29%20Kr%C3%B6ller-M%C3%BCller%20Museum%20Otterlo%2023-8-2016%2013-35-40.JPG,Art/Interface/Buttons/Resources/ArtMasterpieces/ART_117.tga
118,BONUS_ART_118,Starry Night Over the Rhone,1888,INDUSTRIAL,PAINTING,Q1464531,38,http://www.wikidata.org/entity/Q1464531,http://commons.wikimedia.org/wiki/Special:FilePath/Vincent%20van%20Gogh%20-%20Starry%20Night%20-%20Google%20Art%20Project.jpg,Art/Interface/Buttons/Resources/ArtMasterpieces/ART_118.tga
119,BONUS_ART_119,The Night Café,1888,INDUSTRIAL,PAINTING,Q674846,38,http://www.wikidata.org/entity/Q674846,http://commons.wikimedia.org/wiki/Special:FilePath/Vincent%20Willem%20van%20Gogh%20076.jpg,Art/Interface/Buttons/Resources/ArtMasterpieces/ART_119.tga
120,BONUS_ART_120,The Red Vineyard,1888,INDUSTRIAL,PAINTING,Q1926628,37,http://www.wikidata.org/entity/Q1926628,http://commons.wikimedia.org/wiki/Special:FilePath/Vincent%20van%20Gogh%20-%20Red%20Vineyard%20at%20Arles%20%281888%29.jpg,Art/Interface/Buttons/Resources/ArtMasterpieces/ART_120.tga
121,BONUS_ART_121,The Yellow House,1888,INDUSTRIAL,PAINTING,Q2200610,37,http://www.wikidata.org/entity/Q2200610,http://commons.wikimedia.org/wiki/Special:FilePath/Vincent%20van%20Gogh%20-%20The%20yellow%20house%20%28%27The%20street%27%29.jpg,Art/Interface/Buttons/Resources/ArtMasterpieces/ART_121.tga
122,BONUS_ART_122,The Starry Night,1889,INDUSTRIAL,PAINTING,Q45585,76,http://www.wikidata.org/entity/Q45585,http://commons.wikimedia.org/wiki/Special:FilePath/Van%20Gogh%20-%20Starry%20Night%20-%20Google%20Art%20Project.jpg,Art/Interface/Buttons/Resources/ArtMasterpieces/ART_122.tga
123,BONUS_ART_123,Irises,1889,INDUSTRIAL,PAINTING,Q2282256,43,http://www.wikidata.org/entity/Q2282256,http://commons.wikimedia.org/wiki/Special:FilePath/Irises-Vincent%20van%20Gogh.jpg,Art/Interface/Buttons/Resources/ArtMasterpieces/ART_123.tga
124,BONUS_ART_124,Wheatfield with Crows,1890,INDUSTRIAL,PAINTING,Q634122,43,http://www.wikidata.org/entity/Q634122,http://commons.wikimedia.org/wiki/Special:FilePath/Korenveld%20met%20kraaien%20-%20s0149V1962%20-%20Van%20Gogh%20Museum.jpg,Art/Interface/Buttons/Resources/ArtMasterpieces/ART_124.tga
125,BONUS_ART_125,The Church at Auvers,1890,INDUSTRIAL,PAINTING,Q1213917,37,http://www.wikidata.org/entity/Q1213917,http://commons.wikimedia.org/wiki/Special:FilePath/Vincent%20van%20Gogh%20-%20The%20Church%20in%20Auvers-sur-Oise%2C%20View%20from%20the%20Chevet%20-%20Google%20Art%20Project.jpg,Art/Interface/Buttons/Resources/ArtMasterpieces/ART_125.tga
126,BONUS_ART_126,Reply of the Zaporozhian Cossacks,1891,INDUSTRIAL,PAINTING,Q478271,43,http://www.wikidata.org/entity/Q478271,http://commons.wikimedia.org/wiki/Special:FilePath/Ilja%20Jefimowitsch%20Repin%20-%20Reply%20of%20the%20Zaporozhian%20Cossacks%20-%20Yorck.jpg,Art/Interface/Buttons/Resources/ArtMasterpieces/ART_126.tga
127,BONUS_ART_127,Jet d'Eau,1891,INDUSTRIAL,SCULPTURE,Q684661,36,http://www.wikidata.org/entity/Q684661,http://commons.wikimedia.org/wiki/Special:FilePath/Jet%20d%27eau%20de%20Gen%C3%A8ve%20%28swiss%29.jpg,Art/Interface/Buttons/Resources/ArtMasterpieces/ART_127.tga
128,BONUS_ART_128,Where Do We Come From? What Are We? Where Are We Going?,1897,INDUSTRIAL,PAINTING,Q890678,33,http://www.wikidata.org/entity/Q890678,http://commons.wikimedia.org/wiki/Special:FilePath/Paul%20Gauguin%20-%20D%27ou%20venons-nous.jpg,Art/Interface/Buttons/Resources/ArtMasterpieces/ART_128.tga
129,BONUS_ART_129,Judith I,1901,MODERN,PAINTING,Q2324643,23,http://www.wikidata.org/entity/Q2324643,http://commons.wikimedia.org/wiki/Special:FilePath/Judith%201%20%28cropped%29.jpg,Art/Interface/Buttons/Resources/ArtMasterpieces/ART_129.tga
130,BONUS_ART_130,The Wounded Angel,1903,MODERN,PAINTING,Q471289,27,http://www.wikidata.org/entity/Q471289,http://commons.wikimedia.org/wiki/Special:FilePath/The%20Wounded%20Angel%20-%20Hugo%20Simberg.jpg,Art/Interface/Buttons/Resources/ArtMasterpieces/ART_130.tga
131,BONUS_ART_131,Havis Amanda,1906,MODERN,SCULPTURE,Q523268,28,http://www.wikidata.org/entity/Q523268,http://commons.wikimedia.org/wiki/Special:FilePath/%22Havis%20Amanda%22%2C%20la%20statue%20de%20la%20fontaine%20de%20Vallgren%20%28Helsinki%29%20%282744386193%29.jpg,Art/Interface/Buttons/Resources/ArtMasterpieces/ART_131.tga
132,BONUS_ART_132,Les Grandes Baigneuses (The Large Bathers),1906,MODERN,PAINTING,Q2270938,22,http://www.wikidata.org/entity/Q2270938,http://commons.wikimedia.org/wiki/Special:FilePath/Paul%20C%C3%A9zanne%2C%20French%20-%20The%20Large%20Bathers%20-%20Google%20Art%20Project.jpg,Art/Interface/Buttons/Resources/ArtMasterpieces/ART_132.tga
133,BONUS_ART_133,The Kiss,1907,MODERN,PAINTING,Q698487,49,http://www.wikidata.org/entity/Q698487,http://commons.wikimedia.org/wiki/Special:FilePath/The%20Kiss%20-%20Gustav%20Klimt%20-%20Google%20Cultural%20Institute.jpg,Art/Interface/Buttons/Resources/ArtMasterpieces/ART_133.tga
134,BONUS_ART_134,Portrait of Adele Bloch-Bauer I,1907,MODERN,PAINTING,Q354396,35,http://www.wikidata.org/entity/Q354396,http://commons.wikimedia.org/wiki/Special:FilePath/Gustav%20Klimt%2C%201907%2C%20Adele%20Bloch-Bauer%20I%2C%20Neue%20Galerie%20New%20York.jpg,Art/Interface/Buttons/Resources/ArtMasterpieces/ART_134.tga
135,BONUS_ART_135,Vigeland installation,1907,MODERN,SCULPTURE,Q7460945,28,http://www.wikidata.org/entity/Q7460945,http://commons.wikimedia.org/wiki/Special:FilePath/Sculptures%20near%20monolith%20in%20Vigeland%20Installation%20in%20Frogner%20Park%20in%20Oslo%20Norway.png,Art/Interface/Buttons/Resources/ArtMasterpieces/ART_135.tga
136,BONUS_ART_136,Danaë,1907,MODERN,PAINTING,Q1445107,24,http://www.wikidata.org/entity/Q1445107,http://commons.wikimedia.org/wiki/Special:FilePath/Gustav%20Klimt%20010.jpg,Art/Interface/Buttons/Resources/ArtMasterpieces/ART_136.tga
137,BONUS_ART_137,The Little Mermaid,1913,MODERN,SCULPTURE,Q214619,61,http://www.wikidata.org/entity/Q214619,http://commons.wikimedia.org/wiki/Special:FilePath/Petite%20sir%C3%A8ne%20de%20Copenhague%20%28conforme%20%C3%A0%20la%20loi%20danoise%29.JPG,Art/Interface/Buttons/Resources/ArtMasterpieces/ART_137.tga
138,BONUS_ART_138,Black Square (1915),1915,MODERN,PAINTING,Q1170315,37,http://www.wikidata.org/entity/Q1170315,http://commons.wikimedia.org/wiki/Special:FilePath/%D0%A7%D1%91%D1%80%D0%BD%D1%8B%D0%B9%20%D1%81%D1%83%D0%BF%D1%80%D0%B5%D0%BC%D0%B0%D1%82%D0%B8%D1%87%D0%B5%D1%81%D0%BA%D0%B8%D0%B9%20%D0%BA%D0%B2%D0%B0%D0%B4%D1%80%D0%B0%D1%82.%201915.%20%D0%93%D0%A2%D0%93.png,Art/Interface/Buttons/Resources/ArtMasterpieces/ART_138.tga
139,BONUS_ART_139,Fountain,1917,MODERN,SCULPTURE,Q1206847,30,http://www.wikidata.org/entity/Q1206847,http://commons.wikimedia.org/wiki/Special:FilePath/Duchamp%20Fountaine.jpg,Art/Interface/Buttons/Resources/ArtMasterpieces/ART_139.tga
140,BONUS_ART_140,Christ the Redeemer,1920,MODERN,SCULPTURE,Q79961,93,http://www.wikidata.org/entity/Q79961,http://commons.wikimedia.org/wiki/Special:FilePath/Christ%20the%20Redeemer%20-%20Cristo%20Redentor.jpg,Art/Interface/Buttons/Resources/ArtMasterpieces/ART_140.tga
141,BONUS_ART_141,Pobednik,1928,MODERN,SCULPTURE,Q1287997,22,http://www.wikidata.org/entity/Q1287997,http://commons.wikimedia.org/wiki/Special:FilePath/The%20Victor%20-%20%D0%9F%D0%BE%D0%B1%D0%B5%D0%B4%D0%BD%D0%B8%D0%BA%2001.jpg,Art/Interface/Buttons/Resources/ArtMasterpieces/ART_141.tga
142,BONUS_ART_142,The Treachery of Images,1929,MODERN,PAINTING,Q1061035,32,http://www.wikidata.org/entity/Q1061035,http://commons.wikimedia.org/wiki/Special:FilePath/Magritte%20treachery.jpg,Art/Interface/Buttons/Resources/ArtMasterpieces/ART_142.tga
143,BONUS_ART_143,Magic Fountain of Montjuïc,1929,MODERN,SCULPTURE,Q1414600,24,http://www.wikidata.org/entity/Q1414600,http://commons.wikimedia.org/wiki/Special:FilePath/La%20font%20de%20Montju%C3%AFc%20amb%20Collserola%20al%20fons.jpg,Art/Interface/Buttons/Resources/ArtMasterpieces/ART_143.tga
144,BONUS_ART_144,American Gothic,1930,MODERN,PAINTING,Q464782,44,http://www.wikidata.org/entity/Q464782,http://commons.wikimedia.org/wiki/Special:FilePath/Grant%20Wood%20-%20American%20Gothic%20%281930%29.jpg,Art/Interface/Buttons/Resources/ArtMasterpieces/ART_144.tga
145,BONUS_ART_145,Ecce Homo,1930,MODERN,PAINTING,Q2302517,25,http://www.wikidata.org/entity/Q2302517,http://commons.wikimedia.org/wiki/Special:FilePath/Elias%20Garcia%20Martinez%20-%20Ecce%20Homo.jpg,Art/Interface/Buttons/Resources/ArtMasterpieces/ART_145.tga
146,BONUS_ART_146,Guernica,1937,MODERN,PAINTING,Q175036,70,http://www.wikidata.org/entity/Q175036,http://commons.wikimedia.org/wiki/Special:FilePath/Mural%20del%20%22Guernica%22%20de%20Picasso.jpg,Art/Interface/Buttons/Resources/ArtMasterpieces/ART_146.tga
147,BONUS_ART_147,Worker and Kolkhoz Woman,1937,MODERN,SCULPTURE,Q627114,39,http://www.wikidata.org/entity/Q627114,http://commons.wikimedia.org/wiki/Special:FilePath/%D0%A0%D0%B0%D0%B1%D0%BE%D1%87%D0%B8%D0%B9%20%D0%B8%20%D0%BA%D0%BE%D0%BB%D1%85%D0%BE%D0%B7%D0%BD%D0%B8%D1%86%D0%B0%20%D0%9F%D0%B0%D0%B2%D0%B8%D0%BB%D1%8C%D0%BE%D0%BD%20%D0%A1%D0%A1%D0%A1%D0%A0%20%D0%9F%D0%B0%D1%80%D0%B8%D0%B6%201937%20%28%D0%9A%D0%BE%D0%BB%D0%BE%D1%80%D0%B8%D0%B7%D0%BE%D0%B2%D0%B0%D0%BD%D0%BD%D0%B0%D1%8F%29%20%28cropped%29.png,Art/Interface/Buttons/Resources/ArtMasterpieces/ART_147.tga
148,BONUS_ART_148,Kröller-Müller Museum,1938,MODERN,SCULPTURE,Q1051928,32,http://www.wikidata.org/entity/Q1051928,http://commons.wikimedia.org/wiki/Special:FilePath/Entrance%20Kr%C3%B6ller-M%C3%BCller%20Museum.JPG,Art/Interface/Buttons/Resources/ArtMasterpieces/ART_148.tga
149,BONUS_ART_149,Nighthawks,1942,MODERN,PAINTING,Q83872,38,http://www.wikidata.org/entity/Q83872,http://commons.wikimedia.org/wiki/Special:FilePath/Nighthawks%20by%20Edward%20Hopper%201942.jpg,Art/Interface/Buttons/Resources/ArtMasterpieces/ART_149.tga
150,BONUS_ART_150,Bronze Soldier of Tallinn,1947,MODERN,SCULPTURE,Q928267,28,http://www.wikidata.org/entity/Q928267,http://commons.wikimedia.org/wiki/Special:FilePath/Bronze%20Soldier%20of%20Tallinn%2C%202007.jpg,Art/Interface/Buttons/Resources/ArtMasterpieces/ART_150.tga
151,BONUS_ART_151,Crazy Horse Memorial,1948,MODERN,SCULPTURE,Q1139250,30,http://www.wikidata.org/entity/Q1139250,http://commons.wikimedia.org/wiki/Special:FilePath/Crazy%20Horse%20Memorial%20from%20Visitors%20Center.jpg,Art/Interface/Buttons/Resources/ArtMasterpieces/ART_151.tga
152,BONUS_ART_152,Soviet War Memorial,1949,MODERN,SCULPTURE,Q48441,32,http://www.wikidata.org/entity/Q48441,http://commons.wikimedia.org/wiki/Special:FilePath/TreptowEhrenmal10.JPG,Art/Interface/Buttons/Resources/ArtMasterpieces/ART_152.tga
153,BONUS_ART_153,Netherlands Antillean guilder,1952,MODERN,SCULPTURE,Q522701,38,http://www.wikidata.org/entity/Q522701,http://commons.wikimedia.org/wiki/Special:FilePath/1fl.jpg,Art/Interface/Buttons/Resources/ArtMasterpieces/ART_153.tga
154,BONUS_ART_154,Madurodam,1952,MODERN,SCULPTURE,Q747322,35,http://www.wikidata.org/entity/Q747322,http://commons.wikimedia.org/wiki/Special:FilePath/Madurodam%20pays%20bas.JPG,Art/Interface/Buttons/Resources/ArtMasterpieces/ART_154.tga
155,BONUS_ART_155,Marine Corps War Memorial,1954,MODERN,SCULPTURE,Q1403946,25,http://www.wikidata.org/entity/Q1403946,http://commons.wikimedia.org/wiki/Special:FilePath/Marine%20Corp%20Memorial%20Iwo%20Jima.jpg,Art/Interface/Buttons/Resources/ArtMasterpieces/ART_155.tga
156,BONUS_ART_156,Kartlis Deda,1958,MODERN,SCULPTURE,Q1147179,31,http://www.wikidata.org/entity/Q1147179,http://commons.wikimedia.org/wiki/Special:FilePath/Kartlis%20Deda%20-%20Mother%20of%20a%20Kartli%20or%20Mother%20of%20a%20Georgian%20-%20Photo%20by%20Mostafa%20Meraji%2003.jpg,Art/Interface/Buttons/Resources/ArtMasterpieces/ART_156.tga
157,BONUS_ART_157,Louisiana Museum of Modern Art,1958,MODERN,SCULPTURE,Q1410617,29,http://www.wikidata.org/entity/Q1410617,http://commons.wikimedia.org/wiki/Special:FilePath/Louisiana%20Museum%20of%20Modern%20Art%20Hovedindgang.jpg,Art/Interface/Buttons/Resources/ArtMasterpieces/ART_157.tga
158,BONUS_ART_158,The Motherland Calls,1959,MODERN,SCULPTURE,Q1601986,54,http://www.wikidata.org/entity/Q1601986,http://commons.wikimedia.org/wiki/Special:FilePath/%D0%92%D0%BE%D0%BB%D0%B3%D0%BE%D0%B3%D1%80%D0%B0%D0%B4.%20%D0%9C%D0%B0%D0%BC%D0%B5%D0%B2%20%D0%BA%D1%83%D1%80%D0%B3%D0%B0%D0%BD.%20%D0%A0%D0%BE%D0%B4%D0%B8%D0%BD%D0%B0-%D0%BC%D0%B0%D1%82%D1%8C%20%D0%B7%D0%BE%D0%B2%D0%B5%D1%82.jpg,Art/Interface/Buttons/Resources/ArtMasterpieces/ART_158.tga
159,BONUS_ART_159,Ica stones,1960,MODERN,SCULPTURE,Q910365,27,http://www.wikidata.org/entity/Q910365,http://commons.wikimedia.org/wiki/Special:FilePath/Ica%20stones11.JPG,Art/Interface/Buttons/Resources/ArtMasterpieces/ART_159.tga
160,BONUS_ART_160,Campbell's Soup Cans,1962,MODERN,PAINTING,Q2697937,25,http://www.wikidata.org/entity/Q2697937,http://commons.wikimedia.org/wiki/Special:FilePath/Campbell%27s%20Soup%20Cans%20by%20Andy%20Warhol.jpg,Art/Interface/Buttons/Resources/ArtMasterpieces/ART_160.tga
161,BONUS_ART_161,Unisphere,1964,MODERN,SCULPTURE,Q717956,29,http://www.wikidata.org/entity/Q717956,http://commons.wikimedia.org/wiki/Special:FilePath/Unisphere%20in%20summer.jpg,Art/Interface/Buttons/Resources/ArtMasterpieces/ART_161.tga
162,BONUS_ART_162,We Are Our Mountains,1967,MODERN,SCULPTURE,Q608761,39,http://www.wikidata.org/entity/Q608761,http://commons.wikimedia.org/wiki/Special:FilePath/We%20Are%20Our%20Mountains%20-%202017%20-%200.JPG,Art/Interface/Buttons/Resources/ArtMasterpieces/ART_162.tga
163,BONUS_ART_163,Norra skenet,1969,MODERN,SCULPTURE,Q10602562,27,http://www.wikidata.org/entity/Q10602562,http://commons.wikimedia.org/wiki/Special:FilePath/Tirake%20Metal%20Che%20Zaad.jpg,Art/Interface/Buttons/Resources/ArtMasterpieces/ART_163.tga
164,BONUS_ART_164,"Grön eld, Umeå",1970,MODERN,SCULPTURE,Q10509958,26,http://www.wikidata.org/entity/Q10509958,http://commons.wikimedia.org/wiki/Special:FilePath/Gr%C3%B6n%20eld-2007-08-31.jpg,Art/Interface/Buttons/Resources/ArtMasterpieces/ART_164.tga
165,BONUS_ART_165,Fallen Astronaut,1971,CONTEMPORARY,SCULPTURE,Q1161218,33,http://www.wikidata.org/entity/Q1161218,http://commons.wikimedia.org/wiki/Special:FilePath/Fallen%20Astronaut.jpg,Art/Interface/Buttons/Resources/ArtMasterpieces/ART_165.tga
166,BONUS_ART_166,Mother Albania,1971,CONTEMPORARY,SCULPTURE,Q1639016,27,http://www.wikidata.org/entity/Q1639016,http://commons.wikimedia.org/wiki/Special:FilePath/Tirana%20%E2%80%93%20Mother%20Albania%202.jpg,Art/Interface/Buttons/Resources/ArtMasterpieces/ART_166.tga
167,BONUS_ART_167,The Sphere,1971,CONTEMPORARY,SCULPTURE,Q2164298,26,http://www.wikidata.org/entity/Q2164298,http://commons.wikimedia.org/wiki/Special:FilePath/The%20Sphere%20in%20Liberty%20Park%202%20vc.jpg,Art/Interface/Buttons/Resources/ArtMasterpieces/ART_167.tga
168,BONUS_ART_168,Pioneer plaque,1972,CONTEMPORARY,PAINTING,Q412,42,http://www.wikidata.org/entity/Q412,http://commons.wikimedia.org/wiki/Special:FilePath/GPN-2000-001621-x.jpg,Art/Interface/Buttons/Resources/ArtMasterpieces/ART_168.tga
169,BONUS_ART_169,Merlion,1972,CONTEMPORARY,SCULPTURE,Q208760,34,http://www.wikidata.org/entity/Q208760,http://commons.wikimedia.org/wiki/Special:FilePath/Singapore%20Merlion%20BCT.jpg,Art/Interface/Buttons/Resources/ArtMasterpieces/ART_169.tga
170,BONUS_ART_170,Hirshhorn Museum and Sculpture Garden,1974,CONTEMPORARY,SCULPTURE,Q1620553,23,http://www.wikidata.org/entity/Q1620553,http://commons.wikimedia.org/wiki/Special:FilePath/Hirshhorn%20Museum%20DC%202007.jpg,Art/Interface/Buttons/Resources/ArtMasterpieces/ART_170.tga
171,BONUS_ART_171,The Dinner Party,1979,CONTEMPORARY,SCULPTURE,Q2915473,23,http://www.wikidata.org/entity/Q2915473,http://commons.wikimedia.org/wiki/Special:FilePath/Judy%20Chicago%20The%20Dinner%20Party.jpg,Art/Interface/Buttons/Resources/ArtMasterpieces/ART_171.tga
172,BONUS_ART_172,King Fahd's Fountain,1980,CONTEMPORARY,SCULPTURE,Q240426,23,http://www.wikidata.org/entity/Q240426,http://commons.wikimedia.org/wiki/Special:FilePath/King%20Fahd%E2%80%99s%20Fountain.jpg,Art/Interface/Buttons/Resources/ArtMasterpieces/ART_172.tga
173,BONUS_ART_173,Juche Tower,1982,CONTEMPORARY,SCULPTURE,Q321697,48,http://www.wikidata.org/entity/Q321697,http://commons.wikimedia.org/wiki/Special:FilePath/Juche-Tower-2014.jpg,Art/Interface/Buttons/Resources/ArtMasterpieces/ART_173.tga
174,BONUS_ART_174,Dona i Ocell,1983,CONTEMPORARY,SCULPTURE,Q593202,21,http://www.wikidata.org/entity/Q593202,http://commons.wikimedia.org/wiki/Special:FilePath/Dona%20i%20Ocell.JPG,Art/Interface/Buttons/Resources/ArtMasterpieces/ART_174.tga
175,BONUS_ART_175,Jeanneke Pis,1985,CONTEMPORARY,SCULPTURE,Q152360,34,http://www.wikidata.org/entity/Q152360,http://commons.wikimedia.org/wiki/Special:FilePath/Bruksela%2C%20Jeanneke%20Pis%20-%20Siusiaj%C4%85ca%20dziewczynka.jpg,Art/Interface/Buttons/Resources/ArtMasterpieces/ART_175.tga
176,BONUS_ART_176,Charging Bull,1989,CONTEMPORARY,SCULPTURE,Q860129,26,http://www.wikidata.org/entity/Q860129,http://commons.wikimedia.org/wiki/Special:FilePath/Bowling%20Green%20td%20%282018-12-13%29%2006%20-%2026%20Broadway%2C%20Charging%20Bull.jpg,Art/Interface/Buttons/Resources/ArtMasterpieces/ART_176.tga
177,BONUS_ART_177,Goddess of Democracy,1989,CONTEMPORARY,SCULPTURE,Q596977,23,http://www.wikidata.org/entity/Q596977,http://commons.wikimedia.org/wiki/Special:FilePath/Goddess%20of%20Democracy%20at%20UBC.jpg,Art/Interface/Buttons/Resources/ArtMasterpieces/ART_177.tga
178,BONUS_ART_178,Tian Tan Buddha,1990,CONTEMPORARY,SCULPTURE,Q528079,32,http://www.wikidata.org/entity/Q528079,http://commons.wikimedia.org/wiki/Special:FilePath/Tian%20Tan%20Buddha%20by%20Beria.jpg,Art/Interface/Buttons/Resources/ArtMasterpieces/ART_178.tga
179,BONUS_ART_179,"My God, Help Me to Survive This Deadly Love",1990,CONTEMPORARY,PAINTING,Q2410932,29,http://www.wikidata.org/entity/Q2410932,http://commons.wikimedia.org/wiki/Special:FilePath/M%C3%BChlenstrasse%2C%20Berlini%20Fal%20%28East%20Side%20Gallery%29%20a%20Hedwig-Wachenheim-Strasse-val%20szemben.%20Dmitri%20Vrubel%20alkot%C3%A1sa-%20Mein%20Gott%20hilf%20mir%2C%20diese%20t%C3%B6dliche%20Liebe%20zu%20%C3%BCberleben%20%28Istenem%20seg%C3%ADts%2C%20hogy%20Fortepan%2030070.jpg,Art/Interface/Buttons/Resources/ArtMasterpieces/ART_179.tga
180,BONUS_ART_180,Kryptos,1990,CONTEMPORARY,SCULPTURE,Q1345100,28,http://www.wikidata.org/entity/Q1345100,http://commons.wikimedia.org/wiki/Special:FilePath/Kryptos%20sculptor.jpg,Art/Interface/Buttons/Resources/ArtMasterpieces/ART_180.tga
181,BONUS_ART_181,Ushiku Daibutsu,1993,CONTEMPORARY,SCULPTURE,Q542324,28,http://www.wikidata.org/entity/Q542324,http://commons.wikimedia.org/wiki/Special:FilePath/Pic%20kunojyou.jpg,Art/Interface/Buttons/Resources/ArtMasterpieces/ART_181.tga
182,BONUS_ART_182,Memento Park,1993,CONTEMPORARY,SCULPTURE,Q1069906,25,http://www.wikidata.org/entity/Q1069906,http://commons.wikimedia.org/wiki/Special:FilePath/Main%20entrance%20of%20the%20Memento%20Park%20with%20Lenin%2C%20Marx%20and%20Engels.JPG,Art/Interface/Buttons/Resources/ArtMasterpieces/ART_182.tga
183,BONUS_ART_183,Umedalens Skulpturpark,1994,CONTEMPORARY,SCULPTURE,Q2293110,22,http://www.wikidata.org/entity/Q2293110,http://commons.wikimedia.org/wiki/Special:FilePath/Eye%20benches%20II.jpg,Art/Interface/Buttons/Resources/ArtMasterpieces/ART_183.tga
184,BONUS_ART_184,Angel of the North,1998,CONTEMPORARY,SCULPTURE,Q1325290,30,http://www.wikidata.org/entity/Q1325290,http://commons.wikimedia.org/wiki/Special:FilePath/Fly-Angel.jpg,Art/Interface/Buttons/Resources/ArtMasterpieces/ART_184.tga
185,BONUS_ART_185,Maman,1999,CONTEMPORARY,SCULPTURE,Q180887,21,http://www.wikidata.org/entity/Q180887,http://commons.wikimedia.org/wiki/Special:FilePath/Maman%20-%20Louise%20Bourgeois%20-%2003%20%28Cropped%29.jpg,Art/Interface/Buttons/Resources/ArtMasterpieces/ART_185.tga
186,BONUS_ART_186,Miniatur Wunderland,2000,CONTEMPORARY,PAINTING,Q685524,30,http://www.wikidata.org/entity/Q685524,http://commons.wikimedia.org/wiki/Special:FilePath/DungeonMiwula.jpg,Art/Interface/Buttons/Resources/ArtMasterpieces/ART_186.tga
187,BONUS_ART_187,Landscape with the Fall of Icarus,2000,CONTEMPORARY,PAINTING,Q1247110,24,http://www.wikidata.org/entity/Q1247110,http://commons.wikimedia.org/wiki/Special:FilePath/Pieter%20Bruegel%20the%20Elder%20-%20Landscape%20with%20the%20Fall%20of%20Icarus%20-%20Brussels%2C%20Royal%20Museums%20of%20Fine%20Arts%20of%20Belgium%20-%20Google%20Arts%20%26%20Culture.jpg,Art/Interface/Buttons/Resources/ArtMasterpieces/ART_187.tga
188,BONUS_ART_188,Grūtas Park,2001,CONTEMPORARY,SCULPTURE,Q1050522,25,http://www.wikidata.org/entity/Q1050522,http://commons.wikimedia.org/wiki/Special:FilePath/Gr%C5%ABto%20parkas%20-%20Lenin.JPG,Art/Interface/Buttons/Resources/ArtMasterpieces/ART_188.tga
189,BONUS_ART_189,Spire of Dublin,2003,CONTEMPORARY,SCULPTURE,Q1134365,32,http://www.wikidata.org/entity/Q1134365,http://commons.wikimedia.org/wiki/Special:FilePath/The%20Spire.jpg,Art/Interface/Buttons/Resources/ArtMasterpieces/ART_189.tga
190,BONUS_ART_190,Sea organ,2005,CONTEMPORARY,SCULPTURE,Q2268940,24,http://www.wikidata.org/entity/Q2268940,http://commons.wikimedia.org/wiki/Special:FilePath/Sea%20organ%20Zadar%203.JPG,Art/Interface/Buttons/Resources/ArtMasterpieces/ART_190.tga
191,BONUS_ART_191,Shoes on the Danube Bank,2005,CONTEMPORARY,SCULPTURE,Q473811,24,http://www.wikidata.org/entity/Q473811,http://commons.wikimedia.org/wiki/Special:FilePath/Shoes%20Danube%20Promenade%20IMGP1297.jpg,Art/Interface/Buttons/Resources/ArtMasterpieces/ART_191.tga
192,BONUS_ART_192,Victims of Communism Memorial,2007,CONTEMPORARY,SCULPTURE,Q1188049,23,http://www.wikidata.org/entity/Q1188049,http://commons.wikimedia.org/wiki/Special:FilePath/Goddess%20of%20Democracy%20DC%20defy%20censorship.JPG,Art/Interface/Buttons/Resources/ArtMasterpieces/ART_192.tga
193,BONUS_ART_193,Spring Temple Buddha,2008,CONTEMPORARY,SCULPTURE,Q924174,44,http://www.wikidata.org/entity/Q924174,http://commons.wikimedia.org/wiki/Special:FilePath/Spring%20Temple%20Buddha%201.jpg,Art/Interface/Buttons/Resources/ArtMasterpieces/ART_193.tga
194,BONUS_ART_194,African Renaissance Monument,2008,CONTEMPORARY,SCULPTURE,Q470763,33,http://www.wikidata.org/entity/Q470763,http://commons.wikimedia.org/wiki/Special:FilePath/African%20Renaissance%20Monument%20%285502494604%29.jpg,Art/Interface/Buttons/Resources/ArtMasterpieces/ART_194.tga
195,BONUS_ART_195,Genghis Khan Equestrian Statue,2008,CONTEMPORARY,SCULPTURE,Q1165021,25,http://www.wikidata.org/entity/Q1165021,http://commons.wikimedia.org/wiki/Special:FilePath/Chinggis%20Khaan%20statue%20Complex.jpg,Art/Interface/Buttons/Resources/ArtMasterpieces/ART_195.tga
196,BONUS_ART_196,Great Buddha of Thailand,2008,CONTEMPORARY,SCULPTURE,Q2083114,23,http://www.wikidata.org/entity/Q2083114,http://commons.wikimedia.org/wiki/Special:FilePath/Ang%20Thong%20-%20Wiset%20Chai%20Chan%20%282024%29%20Great%20Buddha%20of%20Thailand%2C%20Wat%20Muang%20-%20img%2001.jpg,Art/Interface/Buttons/Resources/ArtMasterpieces/ART_196.tga
197,BONUS_ART_197,Laykyun Sekkya,2008,CONTEMPORARY,SCULPTURE,Q1809404,22,http://www.wikidata.org/entity/Q1809404,http://commons.wikimedia.org/wiki/Special:FilePath/Laykyun%20Setkyar%2001%20%28cropped%29.jpg,Art/Interface/Buttons/Resources/ArtMasterpieces/ART_197.tga
198,BONUS_ART_198,Christ the King statue,2010,CONTEMPORARY,SCULPTURE,Q805442,30,http://www.wikidata.org/entity/Q805442,http://commons.wikimedia.org/wiki/Special:FilePath/Christ%20the%20King%20Statue%202.JPG,Art/Interface/Buttons/Resources/ArtMasterpieces/ART_198.tga
199,BONUS_ART_199,Wikipedia Monument,2014,CONTEMPORARY,SCULPTURE,Q18201640,58,http://www.wikidata.org/entity/Q18201640,http://commons.wikimedia.org/wiki/Special:FilePath/Wikipedia%20Monument%202.JPG,Art/Interface/Buttons/Resources/ArtMasterpieces/ART_199.tga
200,BONUS_ART_200,Statue of Unity,2018,CONTEMPORARY,SCULPTURE,Q7604504,71,http://www.wikidata.org/entity/Q7604504,http://commons.wikimedia.org/wiki/Special:FilePath/Statue%20of%20Unity.jpg,Art/Interface/Buttons/Resources/ArtMasterpieces/ART_200.tga
